"Product ID","Classic Category ID","Dentist Category ID"
"12,68",12,68
"2001,4001",2001,4001
"2002,4002",2002,4002
"2003,4003",2003,4003
"2004,4004",2004,4004
"2005,4005",2005,4005
"2006,4006",2006,4006
"2007,4007",2007,4007
"2008,4008",2008,4008
"2009,4009",2009,4009
"2010,4010",2010,4010
"2011,4011",2011,4011
"2012,4012",2012,4012
"2013,4013",2013,4013
"2014,4014",2014,4014
"2016,4016",2016,4016
"2017,4017",2017,4017
"2018,4018",2018,4018
"2019,4019",2019,4019
"2020,4020",2020,4020
"2021,4021",2021,4021
"2022,4022",2022,4022
"2023,4023",2023,4023
"2024,4024",2024,4024
"2025,4025",2025,4025
"2026,4026",2026,4026
"2027,4027",2027,4027
"2028,4028",2028,4028
"2029,4029",2029,4029
"2030,4030",2030,4030
"2031,4031",2031,4031
"2032,4032",2032,4032
"2033,4033",2033,4033
"2034,4034",2034,4034
"2035,4035",2035,4035
"2036,4036",2036,4036
"2037,4037",2037,4037
"2038,4038",2038,4038
"2039,4039",2039,4039
"2040,4040",2040,4040
"2041,4041",2041,4041
"2042,4042",2042,4042
"2043,4043",2043,4043
"2044,4044",2044,4044
"2045,4045",2045,4045
"2046,4046",2046,4046
"2047,4047",2047,4047
"2048,4048",2048,4048
"2049,4049",2049,4049
"2050,4050",2050,4050
"2051,4051",2051,4051
"2052,4052",2052,4052
"2053,4053",2053,4053
"2054,4054",2054,4054
"2055,4055",2055,4055
"2056,4056",2056,4056
"2057,4057",2057,4057
"2058,4058",2058,4058
"2059,4059",2059,4059
"2060,4060",2060,4060
"2061,4061",2061,4061
"2062,4062",2062,4062
"2063,4063",2063,4063
"2064,4064",2064,4064
"2065,4065",2065,4065
"2066,4066",2066,4066
"2067,4067",2067,4067
"2068,4068",2068,4068
"2069,4069",2069,4069
"2070,4070",2070,4070
"2071,4071",2071,4071
"2072,4072",2072,4072
"2073,4073",2073,4073
"2074,4074",2074,4074
"2075,4075",2075,4075
"2076,4076",2076,4076
"2077,4077",2077,4077
"2078,4078",2078,4078
"2079,4079",2079,4079
"2080,4080",2080,4080
"2081,4081",2081,4081
"2082,4082",2082,4082
"2083,4083",2083,4083
"2084,4084",2084,4084
"2085,4085",2085,4085
"2086,4086",2086,4086
"2087,4087",2087,4087
"2088,4088",2088,4088
"2089,4089",2089,4089
"2090,4090",2090,4090
"2091,4091",2091,4091
"2092,4092",2092,4092
"2093,4093",2093,4093
"2094,4094",2094,4094
"2095,4095",2095,4095
"2096,4096",2096,4096
"2097,4097",2097,4097
"2098,4098",2098,4098
"2099,4099",2099,4099
"2100,4100",2100,4100
"2101,4101",2101,4101
"2102,4102",2102,4102
"2103,4103",2103,4103
"2104,4104",2104,4104
"2105,4105",2105,4105
"2106,4106",2106,4106
"2107,4107",2107,4107
"2108,4108",2108,4108
"2109,4109",2109,4109
"2110,4110",2110,4110
"2111,4111",2111,4111
"2112,4112",2112,4112
"2113,4113",2113,4113
"2114,4114",2114,4114
"2115,4115",2115,4115
"2116,4116",2116,4116
"2117,4117",2117,4117
"2118,4118",2118,4118
"2119,4119",2119,4119
"2120,4120",2120,4120
"2121,4121",2121,4121
"2122,4122",2122,4122
"2123,4123",2123,4123
"2124,4124",2124,4124
"2125,4125",2125,4125
"2126,4126",2126,4126
"2127,4127",2127,4127
"2128,4128",2128,4128
"2129,4129",2129,4129
"2130,4130",2130,4130
"2131,4131",2131,4131
"2132,4132",2132,4132
"2133,4133",2133,4133
"2134,4134",2134,4134
"2135,4135",2135,4135
"2136,4136",2136,4136
"2137,4137",2137,4137
"2138,4138",2138,4138
"2139,4139",2139,4139
"2140,4140",2140,4140
"2141,4141",2141,4141
"2142,4142",2142,4142
"2143,4143",2143,4143
"2144,4144",2144,4144
"2145,4145",2145,4145
"2146,4146",2146,4146
"2147,4147",2147,4147
"2148,4148",2148,4148
"2150,4150",2150,4150
"2151,4151",2151,4151
"2152,4152",2152,4152
"2153,4153",2153,4153
"2154,4154",2154,4154
"2155,4155",2155,4155
"2156,4156",2156,4156
"2157,4157",2157,4157
"2158,4158",2158,4158
"2159,4159",2159,4159
"2160,4160",2160,4160
"2161,4161",2161,4161
"2162,4162",2162,4162
"2163,4163",2163,4163
"2164,4164",2164,4164
"2165,4165",2165,4165
"2166,4166",2166,4166
"2167,4167",2167,4167
"2168,4168",2168,4168
"2169,4169",2169,4169
"2170,4170",2170,4170
"2171,4171",2171,4171
"2172,4172",2172,4172
"2173,4173",2173,4173
"2174,4174",2174,4174
"2175,4175",2175,4175
"2176,4176",2176,4176
"2177,4177",2177,4177
"2178,4178",2178,4178
"2179,4179",2179,4179
"2180,4180",2180,4180
"2181,4181",2181,4181
"2182,4182",2182,4182
"2183,4183",2183,4183
"2184,4184",2184,4184
"2185,4185",2185,4185
"2186,4186",2186,4186
"2187,4187",2187,4187
"2188,4188",2188,4188
"2189,4189",2189,4189
"2190,4190",2190,4190
"2191,4191",2191,4191
"2192,4192",2192,4192
"2193,4193",2193,4193
"2194,4194",2194,4194
"2195,4195",2195,4195
"2196,4196",2196,4196
"2197,4197",2197,4197
"2198,4198",2198,4198
"2199,4199",2199,4199
"2200,4200",2200,4200
"2201,4201",2201,4201
"2202,4202",2202,4202
"2203,4203",2203,4203
"2204,4204",2204,4204
"2205,4205",2205,4205
"2206,4206",2206,4206
"2207,4207",2207,4207
"2208,4208",2208,4208
"2209,4209",2209,4209
"2210,4210",2210,4210
"2211,4211",2211,4211
"2212,4212",2212,4212
"2213,4213",2213,4213
"2214,4214",2214,4214
"2215,4215",2215,4215
"2216,4216",2216,4216
"2217,4217",2217,4217
"2218,4218",2218,4218
"2219,4219",2219,4219
"2220,4220",2220,4220
"2221,4221",2221,4221
"2222,4222",2222,4222
"2223,4223",2223,4223
"2224,4224",2224,4224
"2225,4225",2225,4225
"2226,4226",2226,4226
"2227,4227",2227,4227
"2228,4228",2228,4228
"2229,4229",2229,4229
"2230,4230",2230,4230
"2231,4231",2231,4231
"2232,4232",2232,4232
"2233,4233",2233,4233
"2234,4234",2234,4234
"2235,4235",2235,4235
"2236,4236",2236,4236
"2237,4237",2237,4237
"2238,4238",2238,4238
"2239,4239",2239,4239
"2240,4240",2240,4240
"2241,4241",2241,4241
"2242,4242",2242,4242
"2243,4243",2243,4243
"2244,4244",2244,4244
"2245,4245",2245,4245
"2246,4246",2246,4246
"2247,4247",2247,4247
"2248,4248",2248,4248
"2249,4249",2249,4249
"2250,4250",2250,4250
"2251,4251",2251,4251
"2252,4252",2252,4252
"2253,4253",2253,4253
"2254,4254",2254,4254
"2255,4255",2255,4255
"2256,4256",2256,4256
"2257,4257",2257,4257
"2258,4258",2258,4258
"2259,4259",2259,4259
"2260,4260",2260,4260
"2261,4261",2261,4261
"2262,4262",2262,4262
"2263,4263",2263,4263
"2264,4264",2264,4264
"2265,4265",2265,4265
"2266,4266",2266,4266
"2267,4267",2267,4267
"2268,4268",2268,4268
"2269,4269",2269,4269
"2270,4270",2270,4270
"2271,4271",2271,4271
"2272,4272",2272,4272
"2273,4273",2273,4273
"2274,4274",2274,4274
"2275,4275",2275,4275
"2276,4276",2276,4276
"2277,4277",2277,4277
"2278,4278",2278,4278
"2279,4279",2279,4279
"2280,4280",2280,4280
"2281,4281",2281,4281
"2282,4282",2282,4282
"2283,4283",2283,4283
"2284,4284",2284,4284
"2285,4285",2285,4285
"2286,4286",2286,4286
"2287,4287",2287,4287
"2288,4288",2288,4288
"2289,4289",2289,4289
"2290,4290",2290,4290
"2291,4291",2291,4291
"2292,4292",2292,4292
"2293,4293",2293,4293
"2294,4294",2294,4294
"2295,4295",2295,4295
"2296,4296",2296,4296
"2297,4297",2297,4297
"2298,4298",2298,4298
"2299,4299",2299,4299
"2300,4300",2300,4300
"2301,4301",2301,4301
"2302,4302",2302,4302
"2303,4303",2303,4303
"2304,4304",2304,4304
"2305,4305",2305,4305
"2306,4306",2306,4306
"2307,4307",2307,4307
"2308,4308",2308,4308
"2309,4309",2309,4309
"2310,4310",2310,4310
"2311,4311",2311,4311
"2312,4312",2312,4312
"2313,4313",2313,4313
"2314,4314",2314,4314
"2315,4315",2315,4315
"2316,4316",2316,4316
"2317,4317",2317,4317
"2318,4318",2318,4318
"2319,4319",2319,4319
"2320,4320",2320,4320
"2321,4321",2321,4321
"2322,4322",2322,4322
"2323,4323",2323,4323
"2324,4324",2324,4324
"2325,4325",2325,4325
"2326,4326",2326,4326
"2327,4327",2327,4327
"2328,4328",2328,4328
"2329,4329",2329,4329
"2330,4330",2330,4330
"2331,4331",2331,4331
"2332,4332",2332,4332
"2333,4333",2333,4333
"2334,4334",2334,4334
"2335,4335",2335,4335
"2336,4336",2336,4336
"2337,4337",2337,4337
"2338,4338",2338,4338
"2339,4339",2339,4339
"2340,4340",2340,4340
"2341,4341",2341,4341
"2342,4342",2342,4342
"2343,4343",2343,4343
"2344,4344",2344,4344
"2345,4345",2345,4345
"2346,4346",2346,4346
"2347,4347",2347,4347
"2348,4348",2348,4348
"2349,4349",2349,4349
"2350,4350",2350,4350
"2351,4351",2351,4351
"2352,4352",2352,4352
"2353,4353",2353,4353
"2354,4354",2354,4354
"2355,4355",2355,4355
"2356,4356",2356,4356
"2357,4357",2357,4357
"2358,4358",2358,4358
"2359,4359",2359,4359
"2360,4360",2360,4360
"2361,4361",2361,4361
"2362,4362",2362,4362
"2363,4363",2363,4363
"2364,4364",2364,4364
"2365,4365",2365,4365
"2366,4366",2366,4366
"2367,4367",2367,4367
"2368,4368",2368,4368
"2369,4369",2369,4369
"2370,4370",2370,4370
"2371,4371",2371,4371
"2372,4372",2372,4372
"2373,4373",2373,4373
"2374,4374",2374,4374
"2375,4375",2375,4375
"2376,4376",2376,4376
"2377,4377",2377,4377
"2378,4378",2378,4378
"2379,4379",2379,4379
"2380,4380",2380,4380
"2381,4381",2381,4381
"2382,4382",2382,4382
"2383,4383",2383,4383
"2384,4384",2384,4384
"2385,4385",2385,4385
"2386,4386",2386,4386
"2387,4387",2387,4387
"2388,4388",2388,4388
"2389,4389",2389,4389
"2390,4390",2390,4390
"2391,4391",2391,4391
"2392,4392",2392,4392
"2393,4393",2393,4393
"2394,4394",2394,4394
"2395,4395",2395,4395
"2396,4396",2396,4396
"2397,4397",2397,4397
"2398,4398",2398,4398
"2399,4399",2399,4399
"2400,4400",2400,4400
"2401,4401",2401,4401
"2402,4402",2402,4402
"2403,4403",2403,4403
"2404,4404",2404,4404
"2405,4405",2405,4405
"2406,4406",2406,4406
"2408,4408",2408,4408
"2409,4409",2409,4409
"2410,4410",2410,4410
"2411,4411",2411,4411
"2412,4412",2412,4412
"2413,4413",2413,4413
"2414,4414",2414,4414
"2415,4415",2415,4415
"2416,4416",2416,4416
"2417,4417",2417,4417
"2418,4418",2418,4418
"2419,4419",2419,4419
"2420,4420",2420,4420
"2421,4421",2421,4421
"2422,4422",2422,4422
"2423,4423",2423,4423
"2424,4424",2424,4424
"2425,4425",2425,4425
"2426,4426",2426,4426
"2427,4427",2427,4427
"2428,4428",2428,4428
"2429,4429",2429,4429
"2430,4430",2430,4430
"2431,4431",2431,4431
"2432,4432",2432,4432
"2434,4434",2434,4434
"2435,4435",2435,4435
"2436,4436",2436,4436
"2437,4437",2437,4437
"2438,4438",2438,4438
"2439,4439",2439,4439
"2440,4440",2440,4440
"2441,4441",2441,4441
"2442,4442",2442,4442
"2443,4443",2443,4443
"2444,4444",2444,4444
"2445,4445",2445,4445
"2446,4446",2446,4446
"2447,4447",2447,4447
"2448,4448",2448,4448
"2449,4449",2449,4449
"2450,4450",2450,4450
"2451,4451",2451,4451
"2452,4452",2452,4452
"2453,4453",2453,4453
"2454,4454",2454,4454
"2455,4455",2455,4455
"2456,4456",2456,4456
"2457,4457",2457,4457
"2458,4458",2458,4458
"2459,4459",2459,4459
"2460,4460",2460,4460
"2461,4461",2461,4461
"2462,4462",2462,4462
"2463,4463",2463,4463
"2464,4464",2464,4464
"2465,4465",2465,4465
"2466,4466",2466,4466
"2467,4467",2467,4467
"2468,4468",2468,4468
"2469,4469",2469,4469
"2470,4470",2470,4470
"2471,4471",2471,4471
"2472,4472",2472,4472
"2473,4473",2473,4473
"2474,4474",2474,4474
"2475,4475",2475,4475
"2476,4476",2476,4476
"2477,4477",2477,4477
"2478,4478",2478,4478
"2479,4479",2479,4479
"2480,4480",2480,4480
"2481,4481",2481,4481
"2482,4482",2482,4482
"2483,4483",2483,4483
"2484,4484",2484,4484
"2485,4485",2485,4485
"2486,4486",2486,4486
"2487,4487",2487,4487
"2488,4488",2488,4488
"2489,4489",2489,4489
"2490,4490",2490,4490
"2491,4491",2491,4491
"2492,4492",2492,4492
"2493,4493",2493,4493
"2494,4494",2494,4494
"2495,4495",2495,4495
"2496,4496",2496,4496
"2497,4497",2497,4497
"2498,4498",2498,4498
"2499,4499",2499,4499
"2500,4500",2500,4500
"2501,4501",2501,4501
"2502,4502",2502,4502
"2503,4503",2503,4503
"2504,4504",2504,4504
"2505,4505",2505,4505
"2506,4506",2506,4506
"2507,4507",2507,4507
"2508,4508",2508,4508
"2509,4509",2509,4509
"2510,4510",2510,4510
"2511,4511",2511,4511
"2512,4512",2512,4512
"2513,4513",2513,4513
"2514,4514",2514,4514
"2515,4515",2515,4515
"2516,4516",2516,4516
"2517,4517",2517,4517
"2518,4518",2518,4518
"2519,4519",2519,4519
"2520,4520",2520,4520
"2521,4521",2521,4521
"2522,4522",2522,4522
"2523,4523",2523,4523
"2524,4524",2524,4524
"2525,4525",2525,4525
"2526,4526",2526,4526
"2527,4527",2527,4527
"2528,4528",2528,4528
"2529,4529",2529,4529
"2530,4530",2530,4530
"2531,4531",2531,4531
"2532,4532",2532,4532
"2533,4533",2533,4533
"2534,4534",2534,4534
"2535,4535",2535,4535
"2536,4536",2536,4536
"2537,4537",2537,4537
"2538,4538",2538,4538
"2539,4539",2539,4539
"2540,4540",2540,4540
"2541,4541",2541,4541
"2542,4542",2542,4542
"2543,4543",2543,4543
"2544,4544",2544,4544
"2545,4545",2545,4545
"2546,4546",2546,4546
"2547,4547",2547,4547
"2548,4548",2548,4548
"2549,4549",2549,4549
"2550,4550",2550,4550
"2551,4551",2551,4551
"2552,4552",2552,4552
"2553,4553",2553,4553
"2554,4554",2554,4554
"2555,4555",2555,4555
"2556,4556",2556,4556
"2557,4557",2557,4557
"2558,4558",2558,4558
"2559,4559",2559,4559
"2560,4560",2560,4560
"2561,4561",2561,4561
"2562,4562",2562,4562
"2563,4563",2563,4563
"2564,4564",2564,4564
"2565,4565",2565,4565
"2566,4566",2566,4566
"2567,4567",2567,4567
"2568,4568",2568,4568
"2569,4569",2569,4569
"2570,4570",2570,4570
"2571,4571",2571,4571
"2572,4572",2572,4572
"2573,4573",2573,4573
"2574,4574",2574,4574
"2575,4575",2575,4575
"2576,4576",2576,4576
"2577,4577",2577,4577
"2578,4578",2578,4578
"2579,4579",2579,4579
"2580,4580",2580,4580
"2581,4581",2581,4581
"2582,4582",2582,4582
"2583,4583",2583,4583
"2584,4584",2584,4584
"2585,4585",2585,4585
"2586,4586",2586,4586
"2587,4587",2587,4587
"2588,4588",2588,4588
"2589,4589",2589,4589
"2590,4590",2590,4590
"2591,4591",2591,4591
"2592,4592",2592,4592
"2593,4593",2593,4593
"2594,4594",2594,4594
"2595,4595",2595,4595
"2596,4596",2596,4596
"2597,4597",2597,4597
"2598,4598",2598,4598
"2599,4599",2599,4599
"2600,4600",2600,4600
"2601,4601",2601,4601
"2602,4602",2602,4602
"2603,4603",2603,4603
"2604,4604",2604,4604
"2605,4605",2605,4605
"2606,4606",2606,4606
"2607,4607",2607,4607
"2608,4608",2608,4608
"2609,4609",2609,4609
"2610,4610",2610,4610
"2611,4611",2611,4611
"2612,4612",2612,4612
"2613,4613",2613,4613
"2614,4614",2614,4614
"2615,4615",2615,4615
"2616,4616",2616,4616
"2617,4617",2617,4617
"2618,4618",2618,4618
"2619,4619",2619,4619
"2620,4620",2620,4620
"2621,4621",2621,4621
"2622,4622",2622,4622
"2623,4623",2623,4623
"2624,4624",2624,4624
"2625,4625",2625,4625
"2626,4626",2626,4626
"2627,4627",2627,4627
"2628,4628",2628,4628
"2629,4629",2629,4629
"2630,4630",2630,4630
"2631,4631",2631,4631
"2632,4632",2632,4632
"2633,4633",2633,4633
"2634,4634",2634,4634
"2635,4635",2635,4635
"2636,4636",2636,4636
"2637,4637",2637,4637
"2638,4638",2638,4638
"2639,4639",2639,4639
"2640,4640",2640,4640
"2641,4641",2641,4641
"2642,4642",2642,4642
"2643,4643",2643,4643
"2644,4644",2644,4644
"2645,4645",2645,4645
"2646,4646",2646,4646
"2647,4647",2647,4647
"2648,4648",2648,4648
"2649,4649",2649,4649
"2650,4650",2650,4650
"2651,4651",2651,4651
"2652,4652",2652,4652
"2653,4653",2653,4653
"2654,4654",2654,4654
"2655,4655",2655,4655
"2656,4656",2656,4656
"2657,4657",2657,4657
"2658,4658",2658,4658
"2659,4659",2659,4659
"2660,4660",2660,4660
"2661,4661",2661,4661
"2662,4662",2662,4662
"2663,4663",2663,4663
"2664,4664",2664,4664
"2665,4665",2665,4665
"2666,4666",2666,4666
"2667,4667",2667,4667
"2668,4668",2668,4668
"2669,4669",2669,4669
"2670,4670",2670,4670
"2671,4671",2671,4671
"2672,4672",2672,4672
"2673,4673",2673,4673
"2674,4674",2674,4674
"2675,4675",2675,4675
"2676,4676",2676,4676
"2677,4677",2677,4677
"2678,4678",2678,4678
"2679,4679",2679,4679
"2680,4680",2680,4680
"2681,4681",2681,4681
"2682,4682",2682,4682
"2683,4683",2683,4683
"2684,4684",2684,4684
"2685,4685",2685,4685
"2686,4686",2686,4686
"2687,4687",2687,4687
"2688,4688",2688,4688
"2689,4689",2689,4689
"2690,4690",2690,4690
"2692,4692",2692,4692
"2693,4693",2693,4693
"2694,4694",2694,4694
"2695,4695",2695,4695
"2696,4696",2696,4696
"2697,4697",2697,4697
"2698,4698",2698,4698
"2699,4699",2699,4699
"2700,4700",2700,4700
"2701,4701",2701,4701
"2702,4702",2702,4702
"2703,4703",2703,4703
"2704,4704",2704,4704
"2705,4705",2705,4705
"2706,4706",2706,4706
"2707,4707",2707,4707
"2708,4708",2708,4708
"2709,4709",2709,4709
"2710,4710",2710,4710
"2711,4711",2711,4711
"2712,4712",2712,4712
"2713,4713",2713,4713
"2714,4714",2714,4714
"2715,4715",2715,4715
"2716,4716",2716,4716
"2717,4717",2717,4717
"2718,4718",2718,4718
"2719,4719",2719,4719
"2720,4720",2720,4720
"2721,4721",2721,4721
"2722,4722",2722,4722
"2723,4723",2723,4723
"2724,4724",2724,4724
"2725,4725",2725,4725
"2726,4726",2726,4726
"2727,4727",2727,4727
"2728,4728",2728,4728
"2729,4729",2729,4729
"2730,4730",2730,4730
"2731,4731",2731,4731
"2732,4732",2732,4732
"2733,4733",2733,4733
"2734,4734",2734,4734
"2735,4735",2735,4735
"2736,4736",2736,4736
"2737,4737",2737,4737
"2738,4738",2738,4738
"2739,4739",2739,4739
"2740,4740",2740,4740
"2741,4741",2741,4741
"2742,4742",2742,4742
"2743,4743",2743,4743
"2744,4744",2744,4744
"2745,4745",2745,4745
"2746,4746",2746,4746
"2747,4747",2747,4747
"2748,4748",2748,4748
"2749,4749",2749,4749
"2750,4750",2750,4750
"2751,4751",2751,4751
"2752,4752",2752,4752
"2753,4753",2753,4753
"2754,4754",2754,4754
"2755,4755",2755,4755
"2756,4756",2756,4756
"2757,4757",2757,4757
"2758,4758",2758,4758
"2759,4759",2759,4759
"2760,4760",2760,4760
"2761,4761",2761,4761
"2762,4762",2762,4762
"2763,4763",2763,4763
"2764,4764",2764,4764
"2765,4765",2765,4765
"2766,4766",2766,4766
"2767,4767",2767,4767
"2768,4768",2768,4768
"2769,4769",2769,4769
"2770,4770",2770,4770
"2771,4771",2771,4771
"2772,4772",2772,4772
"2773,4773",2773,4773
"2774,4774",2774,4774
"2775,4775",2775,4775
"2776,4776",2776,4776
"2777,4777",2777,4777
"2778,4778",2778,4778
"2779,4779",2779,4779
"2780,4780",2780,4780
"2781,4781",2781,4781
"2782,4782",2782,4782
"2783,4783",2783,4783
"2784,4784",2784,4784
"2785,4785",2785,4785
"2786,4786",2786,4786
"2787,4787",2787,4787
"2788,4788",2788,4788
"2789,4789",2789,4789
"2790,4790",2790,4790
"2791,4791",2791,4791
"2792,4792",2792,4792
"2793,4793",2793,4793
"2794,4794",2794,4794
"2795,4795",2795,4795
"2796,4796",2796,4796
"2797,4797",2797,4797
"2798,4798",2798,4798
"2799,4799",2799,4799
"2800,4800",2800,4800
"2801,4801",2801,4801
"2802,4802",2802,4802
"2803,4803",2803,4803
"2804,4804",2804,4804
"2805,4805",2805,4805
"2806,4806",2806,4806
"2807,4807",2807,4807
"2808,4808",2808,4808
"2809,4809",2809,4809
"2810,4810",2810,4810
"2811,4811",2811,4811
"2812,4812",2812,4812
"2813,4813",2813,4813
"2814,4814",2814,4814
"2815,4815",2815,4815
"2816,4816",2816,4816
"2817,4817",2817,4817
"2818,4818",2818,4818
"2819,4819",2819,4819
"2820,4820",2820,4820
"2821,4821",2821,4821
"2822,4822",2822,4822
"2823,4823",2823,4823
"2824,4824",2824,4824
"2825,4825",2825,4825
"2826,4826",2826,4826
"2827,4827",2827,4827
"2828,4828",2828,4828
"2829,4829",2829,4829
"2830,4830",2830,4830
"2831,4831",2831,4831
"2832,4832",2832,4832
"2833,4833",2833,4833
"2834,4834",2834,4834
"2835,4835",2835,4835
"2836,4836",2836,4836
"2837,4837",2837,4837
"2838,4838",2838,4838
"2839,4839",2839,4839
"2840,4840",2840,4840
"2841,4841",2841,4841
"2842,4842",2842,4842
"2843,4843",2843,4843
"2844,4844",2844,4844
"2845,4845",2845,4845
"2846,4846",2846,4846
"2847,4847",2847,4847
"2848,4848",2848,4848
"2849,4849",2849,4849
"2850,4850",2850,4850
"2851,4851",2851,4851
"2852,4852",2852,4852
"2853,4853",2853,4853
"2854,4854",2854,4854
"2855,4855",2855,4855
"2856,4856",2856,4856
"2857,4857",2857,4857
"2858,4858",2858,4858
"2859,4859",2859,4859
"2860,4860",2860,4860
"2861,4861",2861,4861
"2862,4862",2862,4862
"2863,4863",2863,4863
"2864,4864",2864,4864
"2865,4865",2865,4865
"2866,4866",2866,4866
"2867,4867",2867,4867
"2868,4868",2868,4868
"2869,4869",2869,4869
"2870,4870",2870,4870
"2871,4871",2871,4871
"2872,4872",2872,4872
"2873,4873",2873,4873
"2874,4874",2874,4874
"2875,4875",2875,4875
"2876,4876",2876,4876
"2877,4877",2877,4877
"2878,4878",2878,4878
"2879,4879",2879,4879
"2880,4880",2880,4880
"2881,4881",2881,4881
"2882,4882",2882,4882
"2883,4883",2883,4883
"2884,4884",2884,4884
"2885,4885",2885,4885
"2886,4886",2886,4886
"2887,4887",2887,4887
"2888,4888",2888,4888
"2889,4889",2889,4889
"2890,4890",2890,4890
"2891,4891",2891,4891
"2892,4892",2892,4892
"2893,4893",2893,4893
"2894,4894",2894,4894
"2895,4895",2895,4895
"2896,4896",2896,4896
"2897,4897",2897,4897
"2898,4898",2898,4898
"2899,4899",2899,4899
"2900,4900",2900,4900
"2901,4901",2901,4901
"2902,4902",2902,4902
"2903,4903",2903,4903
"2904,4904",2904,4904
"2905,4905",2905,4905
"2906,4906",2906,4906
"2907,4907",2907,4907
"2908,4908",2908,4908
"2909,4909",2909,4909
"2910,4910",2910,4910
"2911,4911",2911,4911
"2912,4912",2912,4912
"2913,4913",2913,4913
"2914,4914",2914,4914
"2915,4915",2915,4915
"2916,4916",2916,4916
"2917,4917",2917,4917
"2918,4918",2918,4918
"2919,4919",2919,4919
"2920,4920",2920,4920
"2921,4921",2921,4921
"2922,4922",2922,4922
"2923,4923",2923,4923
"2924,4924",2924,4924
"2925,4925",2925,4925
"2926,4926",2926,4926
"2927,4927",2927,4927
"2928,4928",2928,4928
"2929,4929",2929,4929
"2930,4930",2930,4930
"2931,4931",2931,4931
"2932,4932",2932,4932
"2933,4933",2933,4933
"2934,4934",2934,4934
"2935,4935",2935,4935
"2936,4936",2936,4936
"2937,4937",2937,4937
"2938,4938",2938,4938
"2939,4939",2939,4939
"2940,4940",2940,4940
"2941,4941",2941,4941
"2942,4942",2942,4942
"2943,4943",2943,4943
"2944,4944",2944,4944
"2945,4945",2945,4945
"2946,4946",2946,4946
"2947,4947",2947,4947
"2948,4948",2948,4948
"2949,4949",2949,4949
"2950,4950",2950,4950
"2951,4951",2951,4951
"2952,4952",2952,4952
"2953,4953",2953,4953
"2954,4954",2954,4954
"2955,4955",2955,4955
"2956,4956",2956,4956
"2957,4957",2957,4957
"2958,4958",2958,4958
"2959,4959",2959,4959
"2960,4960",2960,4960
"2961,4961",2961,4961
"2962,4962",2962,4962
"2963,4963",2963,4963
"2964,4964",2964,4964
"2965,4965",2965,4965
"2966,4966",2966,4966
"2967,4967",2967,4967
"2968,4968",2968,4968
"2969,4969",2969,4969
"2970,4970",2970,4970
"2971,4971",2971,4971
"2972,4972",2972,4972
"2973,4973",2973,4973
"2974,4974",2974,4974
"2975,4975",2975,4975
"2976,4976",2976,4976
"2977,4977",2977,4977
"2978,4978",2978,4978
"2979,4979",2979,4979
"2980,4980",2980,4980
"2981,4981",2981,4981
"2982,4982",2982,4982
"2983,4983",2983,4983
"2984,4984",2984,4984
"2985,4985",2985,4985
"2986,4986",2986,4986
"2987,4987",2987,4987
"2988,4988",2988,4988
"2989,4989",2989,4989
"2990,4990",2990,4990
"2991,4991",2991,4991
"2992,4992",2992,4992
"2993,4993",2993,4993
"2994,4994",2994,4994
"2995,4995",2995,4995
"2996,4996",2996,4996
"2997,4997",2997,4997
"2998,4998",2998,4998
"2999,4999",2999,4999
"3000,5000",3000,5000
"3001,5001",3001,5001
"3002,5002",3002,5002
"3003,5003",3003,5003
"3004,5004",3004,5004
"3005,5005",3005,5005
"3006,5006",3006,5006
"3007,5007",3007,5007
"3008,5008",3008,5008
"3009,5009",3009,5009
"3010,5010",3010,5010
"3011,5011",3011,5011
"3012,5012",3012,5012
"3013,5013",3013,5013
"3014,5014",3014,5014
"3015,5015",3015,5015
"3016,5016",3016,5016
"3017,5017",3017,5017
"3018,5018",3018,5018
"3019,5019",3019,5019
"3020,5020",3020,5020
"3021,5021",3021,5021
"3022,5022",3022,5022
"3023,5023",3023,5023
"3024,5024",3024,5024
"3025,5025",3025,5025
"3026,5026",3026,5026
"3027,5027",3027,5027
"3028,5028",3028,5028
"3029,5029",3029,5029
"3030,5030",3030,5030
"3031,5031",3031,5031
"3032,5032",3032,5032
"3033,5033",3033,5033
"3034,5034",3034,5034
"3035,5035",3035,5035
"3036,5036",3036,5036
"3037,5037",3037,5037
"3038,5038",3038,5038
"3039,5039",3039,5039
"3040,5040",3040,5040
"3041,5041",3041,5041
"3042,5042",3042,5042
"3043,5043",3043,5043
"3044,5044",3044,5044
"3045,5045",3045,5045
"3046,5046",3046,5046
"3047,5047",3047,5047
"3048,5048",3048,5048
"3049,5049",3049,5049
"3050,5050",3050,5050
"3051,5051",3051,5051
"3052,5052",3052,5052
"3053,5053",3053,5053
"3054,5054",3054,5054
"3055,5055",3055,5055
"3056,5056",3056,5056
"3057,5057",3057,5057
"3058,5058",3058,5058
"3059,5059",3059,5059
"3060,5060",3060,5060
"3061,5061",3061,5061
"3062,5062",3062,5062
"3063,5063",3063,5063
"3064,5064",3064,5064
"3065,5065",3065,5065
"3066,5066",3066,5066
"3067,5067",3067,5067
"3068,5068",3068,5068
"3069,5069",3069,5069
"3070,5070",3070,5070
"3071,5071",3071,5071
"3072,5072",3072,5072
"3073,5073",3073,5073
"3074,5074",3074,5074
"3075,5075",3075,5075
"3076,5076",3076,5076
"3077,5077",3077,5077
"3078,5078",3078,5078
"3079,5079",3079,5079
"3080,5080",3080,5080
"3081,5081",3081,5081
"3082,5082",3082,5082
"3083,5083",3083,5083
"3084,5084",3084,5084
"3085,5085",3085,5085
"3086,5086",3086,5086
"3087,5087",3087,5087
"3088,5088",3088,5088
"3089,5089",3089,5089
"3090,5090",3090,5090
"3091,5091",3091,5091
"3092,5092",3092,5092
"3093,5093",3093,5093
"3094,5094",3094,5094
"3095,5095",3095,5095
"3096,5096",3096,5096
"3097,5097",3097,5097
"3098,5098",3098,5098
"3099,5099",3099,5099
"3100,5100",3100,5100
"3101,5101",3101,5101
"3102,5102",3102,5102
"3103,5103",3103,5103
"3104,5104",3104,5104
"3105,5105",3105,5105
"3106,5106",3106,5106
"3107,5107",3107,5107
"3108,5108",3108,5108
"3109,5109",3109,5109
"3110,5110",3110,5110
"3111,5111",3111,5111
"3112,5112",3112,5112
"3113,5113",3113,5113
"3114,5114",3114,5114
"3115,5115",3115,5115
"3116,5116",3116,5116
"3117,5117",3117,5117
"3118,5118",3118,5118
"3119,5119",3119,5119
"3120,5120",3120,5120
"3121,5121",3121,5121
"3122,5122",3122,5122
"3123,5123",3123,5123
"3124,5124",3124,5124
"3125,5125",3125,5125
"3126,5126",3126,5126
"3127,5127",3127,5127
"3128,5128",3128,5128
"3129,5129",3129,5129
"3130,5130",3130,5130
"3131,5131",3131,5131
"3132,5132",3132,5132
"3133,5133",3133,5133
"3134,5134",3134,5134
"3135,5135",3135,5135
"3136,5136",3136,5136
"3137,5137",3137,5137
"3138,5138",3138,5138
"3139,5139",3139,5139
"3140,5140",3140,5140
"3141,5141",3141,5141
"3142,5142",3142,5142
"3143,5143",3143,5143
"3144,5144",3144,5144
"3145,5145",3145,5145
"3146,5146",3146,5146
"3147,5147",3147,5147
"3148,5148",3148,5148
"3149,5149",3149,5149
"3150,5150",3150,5150
"3151,5151",3151,5151
"3152,5152",3152,5152
"3153,5153",3153,5153
"3154,5154",3154,5154
"3155,5155",3155,5155
"3156,5156",3156,5156
"3157,5157",3157,5157
"3158,5158",3158,5158
"3159,5159",3159,5159
"3160,5160",3160,5160
"3161,5161",3161,5161
"3162,5162",3162,5162
"3163,5163",3163,5163
"3164,5164",3164,5164
"3165,5165",3165,5165
"3166,5166",3166,5166
"3167,5167",3167,5167
"3168,5168",3168,5168
"3169,5169",3169,5169
"3170,5170",3170,5170
"3171,5171",3171,5171
"3172,5172",3172,5172
"3173,5173",3173,5173
"3174,5174",3174,5174
"3175,5175",3175,5175
"3176,5176",3176,5176
"3177,5177",3177,5177
"3178,5178",3178,5178
"3179,5179",3179,5179
"3180,5180",3180,5180
"3181,5181",3181,5181
"3182,5182",3182,5182
"3183,5183",3183,5183
"3184,5184",3184,5184
"3185,5185",3185,5185
"3186,5186",3186,5186
"3187,5187",3187,5187
"3188,5188",3188,5188
"3189,5189",3189,5189
"3190,5190",3190,5190
"3191,5191",3191,5191
"3192,5192",3192,5192
"3193,5193",3193,5193
"3194,5194",3194,5194
"3195,5195",3195,5195
"3196,5196",3196,5196
"3197,5197",3197,5197
"3198,5198",3198,5198
"3199,5199",3199,5199
"3200,5200",3200,5200
"3201,5201",3201,5201
"3202,5202",3202,5202
"3203,5203",3203,5203
"3204,5204",3204,5204
"3205,5205",3205,5205
"3206,5206",3206,5206
"3207,5207",3207,5207
"3208,5208",3208,5208
"3209,5209",3209,5209
"3210,5210",3210,5210
"3211,5211",3211,5211
"3212,5212",3212,5212
"3213,5213",3213,5213
"3214,5214",3214,5214
"3215,5215",3215,5215
"3216,5216",3216,5216
"3217,5217",3217,5217
"3218,5218",3218,5218
"3219,5219",3219,5219
"3220,5220",3220,5220
"3221,5221",3221,5221
"3222,5222",3222,5222
"3223,5223",3223,5223
"3224,5224",3224,5224
"3225,5225",3225,5225
"3226,5226",3226,5226
"3227,5227",3227,5227
"3228,5228",3228,5228
"3229,5229",3229,5229
"3230,5230",3230,5230
"3231,5231",3231,5231
"3232,5232",3232,5232
"3233,5233",3233,5233
"3234,5234",3234,5234
"3235,5235",3235,5235
"3236,5236",3236,5236
"3237,5237",3237,5237
"3238,5238",3238,5238
"3239,5239",3239,5239
"3240,5240",3240,5240
"3241,5241",3241,5241
"3242,5242",3242,5242
"3243,5243",3243,5243
"3244,5244",3244,5244
"3245,5245",3245,5245
"3246,5246",3246,5246
"3247,5247",3247,5247
"3248,5248",3248,5248
"3249,5249",3249,5249
"3250,5250",3250,5250
"3251,5251",3251,5251
"3252,5252",3252,5252
"3253,5253",3253,5253
"3254,5254",3254,5254
"3255,5255",3255,5255
"3256,5256",3256,5256
"3257,5257",3257,5257
"3258,5258",3258,5258
"3259,5259",3259,5259
"3260,5260",3260,5260
"3261,5261",3261,5261
"3262,5262",3262,5262
"3263,5263",3263,5263
"3264,5264",3264,5264
"3265,5265",3265,5265
"3266,5266",3266,5266
"3267,5267",3267,5267
"3268,5268",3268,5268
"3269,5269",3269,5269
"3270,5270",3270,5270
"3271,5271",3271,5271
"3272,5272",3272,5272
"3273,5273",3273,5273
"3274,5274",3274,5274
"3275,5275",3275,5275
"3276,5276",3276,5276
"3277,5277",3277,5277
"3278,5278",3278,5278
"3279,5279",3279,5279
"3280,5280",3280,5280
"3281,5281",3281,5281
"3282,5282",3282,5282
"3283,5283",3283,5283
"3284,5284",3284,5284
"3285,5285",3285,5285
"3286,5286",3286,5286
"3287,5287",3287,5287
"3288,5288",3288,5288
"3289,5289",3289,5289
"3290,5290",3290,5290
"3291,5291",3291,5291
"3292,5292",3292,5292
"3293,5293",3293,5293
"3294,5294",3294,5294
"3295,5295",3295,5295
"3296,5296",3296,5296
"3297,5297",3297,5297
"3298,5298",3298,5298
"3299,5299",3299,5299
"3300,5300",3300,5300
"3301,5301",3301,5301
"3302,5302",3302,5302
"3303,5303",3303,5303
"3304,5304",3304,5304
"3305,5305",3305,5305
"3306,5306",3306,5306
"3307,5307",3307,5307
"3308,5308",3308,5308
"3309,5309",3309,5309
"3310,5310",3310,5310
"3311,5311",3311,5311
"3312,5312",3312,5312
"3313,5313",3313,5313
"3314,5314",3314,5314
"3315,5315",3315,5315
"3316,5316",3316,5316
"3317,5317",3317,5317
"3318,5318",3318,5318
"3319,5319",3319,5319
"3320,5320",3320,5320
"3321,5321",3321,5321
"3322,5322",3322,5322
"3323,5323",3323,5323
"3324,5324",3324,5324
"3325,5325",3325,5325
"3326,5326",3326,5326
"3327,5327",3327,5327
"3328,5328",3328,5328
"3329,5329",3329,5329
"3330,5330",3330,5330
"3331,5331",3331,5331
"3332,5332",3332,5332
"3333,5333",3333,5333
"3334,5334",3334,5334
"3335,5335",3335,5335
"3336,5336",3336,5336
"3337,5337",3337,5337
"3338,5338",3338,5338
"3339,5339",3339,5339
"3340,5340",3340,5340
"3341,5341",3341,5341
"3342,5342",3342,5342
"3343,5343",3343,5343
"3344,5344",3344,5344
"3345,5345",3345,5345
"3346,5346",3346,5346
"3347,5347",3347,5347
"3348,5348",3348,5348
"3349,5349",3349,5349
"3350,5350",3350,5350
"3351,5351",3351,5351
"3352,5352",3352,5352
"3353,5353",3353,5353
"3354,5354",3354,5354
"3355,5355",3355,5355
"3356,5356",3356,5356
"3357,5357",3357,5357
"3358,5358",3358,5358
"3359,5359",3359,5359
"3360,5360",3360,5360
"3361,5361",3361,5361
"3362,5362",3362,5362
"3363,5363",3363,5363
"3364,5364",3364,5364
"3365,5365",3365,5365
"3366,5366",3366,5366
"3367,5367",3367,5367
"3368,5368",3368,5368
"3369,5369",3369,5369
"3370,5370",3370,5370
"3371,5371",3371,5371
"3372,5372",3372,5372
"3373,5373",3373,5373
"3374,5374",3374,5374
"3375,5375",3375,5375
"3376,5376",3376,5376
"3377,5377",3377,5377
"3378,5378",3378,5378
"3379,5379",3379,5379
"3380,5380",3380,5380
"3381,5381",3381,5381
"3382,5382",3382,5382
"3383,5383",3383,5383
"3384,5384",3384,5384
"3385,5385",3385,5385
"3386,5386",3386,5386
"3387,5387",3387,5387
"3388,5388",3388,5388
"3389,5389",3389,5389
"3390,5390",3390,5390
"3391,5391",3391,5391
"3392,5392",3392,5392
"3393,5393",3393,5393
"3394,5394",3394,5394
"3395,5395",3395,5395
"3396,5396",3396,5396
"3397,5397",3397,5397
"3398,5398",3398,5398
"3399,5399",3399,5399
"3400,5400",3400,5400
"3401,5401",3401,5401
"3402,5402",3402,5402
"3403,5403",3403,5403
"3404,5404",3404,5404
"3405,5405",3405,5405
"3406,5406",3406,5406
"3407,5407",3407,5407
"3408,5408",3408,5408
"3409,5409",3409,5409
"3410,5410",3410,5410
"3411,5411",3411,5411
"3412,5412",3412,5412
"3413,5413",3413,5413
"3414,5414",3414,5414
"3415,5415",3415,5415
"3416,5416",3416,5416
"3417,5417",3417,5417
"3418,5418",3418,5418
"3419,5419",3419,5419
"3420,5420",3420,5420
"3421,5421",3421,5421
"3422,5422",3422,5422
"3423,5423",3423,5423
"3424,5424",3424,5424
"3425,5425",3425,5425
"3426,5426",3426,5426
"3427,5427",3427,5427
"3428,5428",3428,5428
"3429,5429",3429,5429
"3430,5430",3430,5430
"3431,5431",3431,5431
"3432,5432",3432,5432
"3433,5433",3433,5433
"3434,5434",3434,5434
"3435,5435",3435,5435
"3436,5436",3436,5436
"3437,5437",3437,5437
"3438,5438",3438,5438
"3439,5439",3439,5439
"3440,5440",3440,5440
"3441,5441",3441,5441
"3442,5442",3442,5442
"3443,5443",3443,5443
"3444,5444",3444,5444
"3445,5445",3445,5445
"3446,5446",3446,5446
"3447,5447",3447,5447
"3448,5448",3448,5448
"3449,5449",3449,5449
"3450,5450",3450,5450
"3451,5451",3451,5451
"3452,5452",3452,5452
"3453,5453",3453,5453
"3454,5454",3454,5454
"3455,5455",3455,5455
"3456,5456",3456,5456
"3457,5457",3457,5457
"3458,5458",3458,5458
"3459,5459",3459,5459
"3460,5460",3460,5460
"3461,5461",3461,5461
"3462,5462",3462,5462
"3463,5463",3463,5463
"3464,5464",3464,5464
"3465,5465",3465,5465
"3466,5466",3466,5466
"3467,5467",3467,5467
"3468,5468",3468,5468
"3469,5469",3469,5469
"3470,5470",3470,5470
"3471,5471",3471,5471
"3472,5472",3472,5472
"3473,5473",3473,5473
"3474,5474",3474,5474
"3475,5475",3475,5475
"3476,5476",3476,5476
"3477,5477",3477,5477
"3478,5478",3478,5478
"3479,5479",3479,5479
"3480,5480",3480,5480
"3481,5481",3481,5481
"3482,5482",3482,5482
"3483,5483",3483,5483
"3484,5484",3484,5484
"3485,5485",3485,5485
"3486,5486",3486,5486
"3487,5487",3487,5487
"3488,5488",3488,5488
"3489,5489",3489,5489
"3490,5490",3490,5490
"3491,5491",3491,5491
"3492,5492",3492,5492
"3493,5493",3493,5493
"3494,5494",3494,5494
"3495,5495",3495,5495
"3496,5496",3496,5496
"3497,5497",3497,5497
"3498,5498",3498,5498
"3499,5499",3499,5499
"3500,5500",3500,5500
"3501,5501",3501,5501
"3502,5502",3502,5502
"3503,5503",3503,5503
"3504,5504",3504,5504
"3505,5505",3505,5505
"3506,5506",3506,5506
"3507,5507",3507,5507
"3508,5508",3508,5508
"3509,5509",3509,5509
"3510,5510",3510,5510
"3511,5511",3511,5511
"3512,5512",3512,5512
"3513,5513",3513,5513
"3514,5514",3514,5514
"3515,5515",3515,5515
"3516,5516",3516,5516
"3517,5517",3517,5517
"3518,5518",3518,5518
"3519,5519",3519,5519
"3520,5520",3520,5520
"3521,5521",3521,5521
"3522,5522",3522,5522
"3523,5523",3523,5523
"3524,5524",3524,5524
"3525,5525",3525,5525
"3526,5526",3526,5526
"3527,5527",3527,5527
"3528,5528",3528,5528
"3529,5529",3529,5529
"3530,5530",3530,5530
"3531,5531",3531,5531
"3532,5532",3532,5532
"3533,5533",3533,5533
