"Product ID","Classic ID","ID (6001-8000)","ID (10001-12000)","ID (12001-14000)","ID (14001-16000)","ID (16001-18000)","ID (18001-20000)","ID (20001-22000)","ID (22001-24000)","ID (24001-26000)"
"3,22003",3,,,,,,,,22003,
"91,22091",91,,,,,,,,22091,
"92,22092",92,,,,,,,,22092,
"93,22093,1181,11181,23181, 25181",93,,,,,,,,22093,
"94,22094,1182,11182,23182, 25182",94,,,,,,,,22094,
"95,22095,1183,11183,23183, 25183",95,,,,,,,,22095,
"96,22096,1184,23184, 25184",96,,,,,,,,22096,
"97,22097,1186,11186,23186, 25186",97,,,,,,,,22097,
"1664,23272,1274,23274, 25274",1664,,,,,,,,23272,
"1273,23273,1275,23275, 25275",1273,,,,,,,,23273,
"98,22098",98,,,,,,,,22098,
"99,22099,247,14247,22247",99,,,,,,,,22099,
"1296,23296,1670,15302,23661",1296,,,,,,,,23296,
"1297,23297,1671,15303,23662",1297,,,,,,,,23297,
"100,22100,248,14248,20248,22248",100,,,,,,,,22100,
"1298,23298,1672,15304,21302,23663",1298,,,,,,,,23298,
"1299,23299,1673,15305,21303,23664",1299,,,,,,,,23299,
"1267,23267,1268,23268",1267,,,,,,,,23267,
"1302,23341,1304,23304",1302,,,,,,,,23341,
"1303,23302,1305,23305",1303,,,,,,,,23302,
"4,10051,18004,22004,24004",4,,10051,,,,18004,,22004,24004
"102,10102,18102,22102, 24102",102,,10102,,,,18102,,22102,24102
"103,10103,18103,22103, 24103",103,,10103,,,,18103,,22103,24103
"104,10104,18104,22104, 24104",104,,10104,,,,18104,,22104,24104
"105,10105,18105,22105, 24105",105,,10105,,,,18105,,22105,24105
"106,10106,18106,22106, 24106",106,,10106,,,,18106,,22106,24106
"107,10107,18107,22107, 24107",107,,10107,,,,18107,,22107,24107
"108,10108,18108,22108, 24108",108,,10108,,,,18108,,22108,24108
"109,10109,18109,22109, 24109",109,,10109,,,,18109,,22109,24109
"110,10110,18110,22110, 24110",110,,10110,,,,18110,,22110,24110
"111,10111,18111,22111, 24111",111,,10111,,,,18111,,22111,24111
"112,10112,18112,22112, 24112",112,,10112,,,,18112,,22112,24112
"113,10113,18113,22113, 24113",113,,10113,,,,18113,,22113,24113
"114,10114,18114,22114, 24114",114,,10114,,,,18114,,22114,24114
"5,1666",5,1666,,,,,,,,
"116,6116",116,6116,,,,,,,,
"117,6117",117,6117,,,,,,,,
"118,6118",118,6118,,,,,,,,
"119,6119",119,6119,,,,,,,,
"120,6120",120,6120,,,,,,,,
"121,6121",121,6121,,,,,,,,
"122,6122",122,6122,,,,,,,,
"123,6123",123,6123,,,,,,,,
"124,6124",124,6124,,,,,,,,
"125,6125",125,6125,,,,,,,,
"126,6126",126,6126,,,,,,,,
"1666,7666",1666,7666,,,,,,,,
"1667,7667",1667,7667,,,,,,,,
"1668,7668",1668,7668,,,,,,,,
"127,6127",127,6127,,,,,,,,
"128,6128",128,6128,,,,,,,,
"129,6129",129,6129,,,,,,,,
"130,6130",130,6130,,,,,,,,
"6,67",6,67,,,,,,,,
"132,6132",132,6132,,,,,,,,
"133,6133",133,6133,,,,,,,,
"134,6134,1293,7293",134,6134,,,,,,,,
"135,6135",135,6135,,,,,,,,
"136,6136",136,6136,,,,,,,,
"137,6137",137,6137,,,,,,,,
"138,6138",138,6138,,,,,,,,
"139,6139",139,6139,,,,,,,,
"140,6140",140,6140,,,,,,,,
"141,6141,1294,7294",141,6141,,,,,,,,
"142,6142",142,6142,,,,,,,,
"143,6143",143,6143,,,,,,,,
"144,6144",144,6144,,,,,,,,
"145,6145",145,6145,,,,,,,,
"7,22007,24007",7,,,,,,,,22007,24007
"147,22147,24147",147,,,,,,,,22147,24147
"148,22148,24148",148,,,,,,,,22148,24148
"149,22149,24149",149,,,,,,,,22149,24149
"8,18008,22008,24008",8,,,,,,18008,,22008,24008
"151,18151,22151,24151",151,,,,,,18151,,22151,24151
"152,18152,22152,24152",152,,,,,,18152,,22152,24152
"Classic > Cements > Temporary > ZOE",1665,,,,,,19296,,23659,25660
"153,18153,22153,24153",153,,,,,,18153,,22153,24153
"154,18154,22154,24154",154,,,,,,18154,,22154,24154
"9,10009,14009,18009,20009",9,,10009,,14009,,18009,20009,,
"156,10156,14156,18156,20156",156,,10156,,14156,,18156,20156,,
"157,10157,14157,18157,20157",157,,10157,,14157,,18157,20157,,
"158,10158,14158,18158,20158",158,,10158,,14158,,18158,20158,,
"1287,11287,15287,  19287, 21287,783, 6783, 10783,  14783,  18783, 20783",1287,,11287,,15287,,19287,21287,,
"159,  10159,  14159,  18159, 20159",159,,10159,,14159,,18159,20159,,
"1288,  11288,  15288,  19288, 21288,784, 6784, 10784,  14784,  18784, 20784",1288,,11288,,15288,,19288,21288,,
"1289,  11289,  15289,  19289, 21289,782, 6782, 10782,  14782,  18782, 20782",1289,,11289,,15289,,19289,21289,,
"10,  10010,  14010,20010,734, 6734,14734,20734",10,,10010,,14010,,,20010,,
"161,  10161,  14161,20161",161,,10161,,14161,,,20161,,
"162,  10162,  14162,20162",162,,10162,,14162,,,20162,,
"163,  10163,  14163,20163",163,,10163,,14163,,,20163,,
"164,  10164,  14164,20164,735, 6735,14735,20735",164,,10164,,14164,,,20164,,
"165,  10165,  14165,20165,736, 6736,14736,20736",165,,10165,,14165,,,20165,,
"166,  10166,  14166,20166,737, 6737,14737,20737",166,,10166,,14166,,,20166,,
"11,  10011,22011, 24011",11,,10011,,,,,,22011,24011
"168,  10168,22168, 24168",168,,10168,,,,,,22168,24168
"169,22169, 24169",169,,,,,,,,22169,24169
"170,  10170,22170, 24170",170,,10170,,,,,,22170,24170
"171,  10171,22171, 24171",171,,10171,,,,,,22171,24171
"172,  10172,22172,",172,,10172,,,,,,22172,
"173,22173,  244,12244, 14244,20244, 22244",173,,,,,,,,22173,
"174,22174",174,,,,,,,,22174,
"175,10175,22175,24175",175,,10175,,,,,,22175,24175
"176,10176,22176,24176,215,16215,18215,22215,24215,1084,13084 ",176,,10176,,,,,,22176,24176
"177,10177,22177,24177,216,16216,18216,22216,24216,1271,13271",177,,10177,,,,,,22177,24177
"178,10178,22178,24178,217,16217, 18217,22217,24217,1272,13272",178,,10178,,,,,,22178,24178
"179,10179,22179,24179,218,16218,18218,22218,24218,1276,13276",179,,10179,,,,,,22179,24179
"1169,11659,23660,25660,1674,13280,1675,17654,19297,23665,25662",1669,,11659,,,,,,23660,25660
"1306, 7306,23306, 25306",1306,7306,,,,,,,23306,25306
"1307, 7307,23307, 25307",1307,7307,,,,,,,23307,25307
"1308, 7308,23308, 25308",1308,7308,,,,,,,23308,25308
"1309, 7309,23309, 25309",1309,7309,,,,,,,23309,25309
"1310, 7310,23310, 25310",1310,7310,,,,,,,23310,25310
"1311, 7311,23311, 25311",1311,7311,,,,,,,23311,25311
"1312, 7312,23312, 25312",1312,7312,,,,,,,23312,25312
"1313, 7313,23313, 25313",1313,7313,,,,,,,23313,25313
"1314, 7314,23314, 25314",1314,7314,,,,,,,23314,25314
"1315, 7315,23315, 25315",1315,7315,,,,,,,23315,25315
"1316, 7316,23316, 25316",1316,7316,,,,,,,23316,25316
"1317, 7317,23317, 25317",1317,7317,,,,,,,23317,25317
"1318, 7318,23318, 25318",1318,7318,,,,,,,23318,25318
"1319, 7319,23319, 25319",1319,7319,,,,,,,23319,25319
"1320, 7320,23320, 25320",1320,7320,,,,,,,23320,25320
"1321, 7321,23321, 25321",1321,7321,,,,,,,23321,25321
"1322, 7322,23322, 25322",1322,7322,,,,,,,23322,25322
"1323, 7323,23323, 25323",1323,7323,,,,,,,23323,25323
"1324, 7324,23324, 25324",1324,7324,,,,,,,23324,25324
"1325, 7325,23325, 25325",1325,7325,,,,,,,23325,25325
"1326, 7326,23326, 25326",1326,7326,,,,,,,23326,25326
"1327, 7327,23327, 25327",1327,7327,,,,,,,23327,25327
"1328, 7328,23328, 25328",1328,7328,,,,,,,23328,25328
"1329, 7329,23329, 25329",1329,7329,,,,,,,23329,25329
"1330, 7330,23330, 25330",1330,7330,,,,,,,23330,25330
"1331, 7331,23331, 25331",1331,7331,,,,,,,23331,25331
"1332, 7332,23332, 25332",1332,7332,,,,,,,23332,25332
"1333, 7333,23333, 25333",1333,7333,,,,,,,23333,25333
"1334, 7334,23334, 25334",1334,7334,,,,,,,23334,25334
"1335, 7335,23335, 25335",1335,7335,,,,,,,23335,25335
"1336, 7336,23336, 25336",1336,7336,,,,,,,23336,25336
"1337, 7337,23337, 25337",1337,7337,,,,,,,23337,25337
"1338, 7338,23338, 25338",1338,7338,,,,,,,23338,25338
"1339, 7339,23339, 25339",1339,7339,,,,,,,23339,25339
"1340, 7340,23340, 25340",1340,7340,,,,,,,23340,25340
"13,22013",13,,,,,,,,22013,
"180,22180",180,,,,,,,,22180,
"181,22181",181,,,,,,,,22181,
"14,10014,16014,18014,22014,24014",14,,10014,,,16014,18014,,22014,24014
"182,10182,16182,18182,22182,24182",182,,10182,,,16182,18182,,22182,24182
"183,10183,16183,18183,22183,24183",183,,10183,,,16183,18183,,22183,24183
"184,22184,24184",184,,,,,,,,22184,24184
"185,10185,18185,22185, 24185",185,,10185,,,,18185,,22185,24185
"186,22186, 24186, 238,22238, 24238, 206,16206, 18206,  22206, 24206,  ",186,,,,,,,,22186,24186
"187,  10187,16187, 18187,  22187, 24187",187,,10187,,,16187,18187,,22187,24187
"188,  10188,16188, 18188,  22188, 24188",188,,10188,,,16188,18188,,22188,24188
"189,16189, 18189,  22189, 24189, 239,22239, 24239",189,,,,,16189,18189,,22189,24189
"190,  10190,18190,  22190, 24190, 1189,  11189,23189, 25189",190,,10190,,,,18190,,22190,24190
"191,  10191,18191,  22191, 24191, 1190,  11190,23190, 25190",191,,10191,,,,18191,,22191,24191
"192,  10192,18192,  22192, 24192, 1191,  11191,23191, 25191",192,,10192,,,,18192,,22192,24192
"193,10193,18193, 22193,24193,1192,11192,23192,25192,1665,19296,23659,25660",193,,10193,,,,18193,,22193,24193
"194,22194, 24194",194,,,,,,,,22194,24194
"195,22195, 24195",195,,,,,,,,22195,24195
"196,22196, 24196",196,,,,,,,,22196,24196
"15,16015, 18015,  22015, 24015",15,,,,,16015,18015,,22015,24015
"197,16197, 18197,  22197, 24197, 1082,13082,",197,,,,,16197,18197,,22197,24197
"198,16198, 18198,  22198, 24198, 1277,13277,",198,,,,,16198,18198,,22198,24198
"199,16199, 18199,  22199, 24199, 1278,13278,",199,,,,,16199,18199,,22199,24199
"200,16200, 18200,  22200, 24200, 1279,13279,",200,,,,,16200,18200,,22200,24200
"201,22201, 24201",201,,,,,,,,22201,24201
"202,16202, 18202,  22202, 24202",202,,,,,16202,18202,,22202,24202
"203,16203, 18203,  22203, 24203, 1083,13083,",203,,,,,16203,18203,,22203,24203
"204,16204, 18204,  22204, 24204",204,,,,,16204,18204,,22204,24204
"205,16205, 18205,  22205, 24205",205,,,,,16205,18205,,22205,24205
,206,,,,,16206,18206,,22206,24206
,207,,,,,16207,18207,,22207,24207
"208,16208, 18208,  22208, 24208",208,,,,,16208,18208,,22208,24208
"209,16209, 18209,  22209, 24209",209,,,,,16209,18209,,22209,24209
"210,16210, 18210,  22210, 24210",210,,,,,16210,18210,,22210,24210
"211,16211, 18211,  22211, 24211",211,,,,,16211,18211,,22211,24211
,212,,,,,16212,18212,,22212,24212
,1280,,,,,17280,19280,,23280,25280
,1281,,,,,17281,19281,,23281,25281
,1282,,,,,17282,19282,,23282,25282
,213,,,,,16213,18213,,22213,24213
,1269,,,,,17269,19269,,23269,25269
,1270,,,,,17270,19270,,23270,25270
"214,16214, 18214,  22214, 24214",214,,,,,16214,18214,,22214,24214
"Classic > Brushes > Micro Brushes",215,,,,,16215,18215,,22215,24215
"Classic > Brushes > Micro Brushes > Assorted",216,,,,,16216,18216,,22216,24216
"Classic > Brushes > Micro Brushes > Fine",217,,,,,16217,18217,,22217,24217
"Classic > Brushes > Micro Brushes > Standard",218,,,,,16218,18218,,22218,24218
"Classic > Brushes > Micro Brushes > Super Fine",1675,,,,,17654,19297,,23665,25662
,219,,,,,16219,18219,,22219,24219
"220,16220, 18220,  22220, 24220",220,,,,,16220,18220,,22220,24220
"221,16221, 18221,  22221, 24221",221,,,,,16221,18221,,22221,24221
"222,18222,  22222, 24222",222,,,,,,18222,,22222,24222
"223,16223, 18223,  22223, 24223",223,,,,,16223,18223,,22223,24223
"224,18224,  22224, 24224",224,,,,,,18224,,22224,24224
"225,18225,  22225, 24225, 1085,13085,",225,,,,,,18225,,22225,24225
,226,,,,,,18226,,22226,24226
"227,18227,  22227, 24227",227,,,,,,18227,,22227,24227
"16,  10051,22016, 24016",16,,10051,,,,,,22016,24016
"228,  10228,22228, 24228",228,,10228,,,,,,22228,24228
"229,  10229,22229, 24229",229,,10229,,,,,,22229,24229
"230,  10230,22230, 24230",230,,10230,,,,,,22230,24230
"231,  10231,22231, 24231",231,,10231,,,,,,22231,24231
"232,  10232,22232, 24232",232,,10232,,,,,,22232,24232
"233,  10233,22233, 24233",233,,10233,,,,,,22233,24233
"234,  10234,22234, 24234",234,,10234,,,,,,22234,24234
"235,  10235,22235, 24235",235,,10235,,,,,,22235,24235
"236,  10236,22236, 24236",236,,10236,,,,,,22236,24236
"237,  10237,22237, 24237",237,,10237,,,,,,22237,24237
"17,  10017,22017, 24017",17,,10017,,,,,,22017,24017
"18,22018, 24018",18,,,,,,,,22018,24018
,238,,,,,,,,22238,24238
,239,,,,,,,,22239,24239
"19,12019, 14019,20019, 22019,",19,,,12019,14019,,,20019,22019,
"240,, 20240, 22240,",240,,,,,,,20240,22240,
"241,22241,",241,,,,,,,,22241,
"242,14242,20242, 22242,",242,,,,14242,,,20242,22242,
"243,14243,20243, 22243,",243,,,,14243,,,20243,22243,
,244,,,12244,14244,,,20244,22244,
"245,12245, 14245,20245, 22245,",245,,,12245,14245,,,20245,22245,
"246,14246,20246, 22246,",246,,,,14246,,,20246,22246,
"Classic > Acrylics > Denture Acrylics > Hard Reline",247,,,,14247,,,,22247,
"Classic > Acrylics > Denture Acrylics > Hard Reline>Powder Refill",1670,,,,15302,,,,23661,
"Classic > Acrylics > Denture Acrylics > Hard Reline>Liquid Refill",1671,,,,15303,,,,23662,
"Classic > Acrylics > Denture Acrylics > Soft Reline",248,,,,14248,,,20248,22248,
"Classic > Acrylics > Denture Acrylics > Soft Reline>Powder Refill",1672,,,,15304,,,21302,23663,
"Classic > Acrylics > Denture Acrylics > Soft Reline>Liquid Refill",1673,,,,15305,,,21303,23664,
"Classic > Acrylics > Denture Acrylics > Denture Repair",1268,,,,,,,,23268,
"Classic > Acrylics > Denture Acrylics > Denture Repair>Powder Refill",1304,,,,,,,,23304,
"Classic > Acrylics > Denture Acrylics > Denture Repair>Liquid Refill",1305,,,,,,,,23305,
"249,22249,",249,,,,,,,,22249,
"250,22250,",250,,,,,,,,22250,
"251,14251,20251, 22251,",251,,,,14251,,,20251,22251,
"252,14252,20252, 22252,",252,,,,14252,,,20252,22252,
"253,14253,20253, 22253,",253,,,,14253,,,20253,22253,
"254,14254,20254, 22254,",254,,,,14254,,,20254,22254,
"255,22255,",255,,,,,,,,22255,
"256,22256,",256,,,,,,,,22256,
"257, i,, 22257,",257,,,,,,,,22257,
"258,14258,20258,22258",258,,,,14258,,,20258,22258,
"1300,15300,21300,23300",1300,,,,15300,,,21300,23300,
"1301,15301,21301,23301",1301,,,,15301,,,21301,23301,
"259,22259,",259,,,,,,,,22259,
"260,22260,",260,,,,,,,,22260,
"Classic > Waxes > Alu-Wax",261,,,,,,,,22261,
"Classic > Waxes > Baseplate Wax",262,,,,,,,,22262,
"Classic > Waxes > Occlusal Wax",263,,,,,,,,22263,
"Classic > Waxes > Setup Wax",264,,,,,,,,22264,
"Classic > Waxes > Tray Wax",265,,,,,,,,22265,
"20,12020,22020, 24020",20,,,12020,,,,,22020,24020
"21, 69",21,69,,,,,,,,
"266, 6266",266,6266,,,,,,,,
"267, 6267",267,6267,,,,,,,,
"268, 6268",268,6268,,,,,,,,
"269, 6269",269,6269,,,,,,,,
"270, 6270",270,6270,,,,,,,,
"271, 6271",271,6271,,,,,,,,
"272, 6272",272,6272,,,,,,,,
"273, 6273",273,6273,,,,,,,,
"274, 6274",274,6274,,,,,,,,
"275, 6275,23",275,6275,,,,,,,,
"276, 6276,291",276,6276,,,,,,,,
"277, 6277,292",277,6277,,,,,,,,
"278, 6278,293",278,6278,,,,,,,,
"279, 6279,294",279,6279,,,,,,,,
"280, 6280,295",280,6280,,,,,,,,
"281, 6281,296,925,6925",281,6281,,,,,,,,
"282, 6282",282,6282,,,,,,,,
"283, 6283",283,6283,,,,,,,,
"284, 6284",284,6284,,,,,,,,
"22, 70",22,70,,,,,,,,
"285, 6285",285,6285,,,,,,,,
"286, 6286",286,6286,,,,,,,,
"287, 6287",287,6287,,,,,,,,
"288, 6288",288,6288,,,,,,,,
"289, 6289",289,6289,,,,,,,,
"290, 6290",290,6290,,,,,,,,
"Classic > Disposables > Evacuation",23,,,,,,,,,
"Classic > Disposables > Evacuation > HVE",291,,,,,,,,,
"Classic > Disposables > Evacuation > Repair Parts",292,,,,,,,,,
"Classic > Disposables > Evacuation > Saliva Ejectors",293,,,,,,,,,
"Classic > Disposables > Evacuation > Surgical",294,,,,,,,,,
"Classic > Disposables > Evacuation > Surgical Aspirators",295,,,,,,,,,
"Classic > Disposables > Evacuation > Traps",296,,,,,,,,,
"24,  10024,18024,24024",24,,10024,,,,18024,,,24024
"297,  10297,18297, ",297,,10297,,,,18297,,,
"298,  10298,",298,,10298,,,,,,,
"299,  10299,18299,  22299, 24299",299,,10299,,,,18299,,22299,24299
"300,  10300,18300,  22300, 24300",300,,10300,,,,18300,,22300,24300
"301,  10301,22301, 24301",301,,10301,,,,,,22301,24301
"302,  10302,",302,,10302,,,,,,,
"303,  10303,",303,,10303,,,,,,,
"304,  10304,",304,,10304,,,,,,,
"305,  10305,",305,,10305,,,,,,,
"306,  10306,18306, ",306,,10306,,,,18306,,,
"307,  10307,18307, ",307,,10307,,,,18307,,,
"308,  10308,18308, ",308,,10308,,,,18308,,,
"309,  10309,18309, ",309,,10309,,,,18309,,,
"310,  10310,22310, 24310",310,,10310,,,,,,22310,24310
"311,  10311,22311, 24311",311,,10311,,,,,,22311,24311
"312,  10312,22312, 24312",312,,10312,,,,,,22312,24312
"1341, 11341",1341,,11341,,,,,,,
"1342, 11342",1342,,11342,,,,,,,
"1343, 11343",1343,,11343,,,,,,,
"1344, 11344",1344,,11344,,,,,,,
"1345, 11345",1345,,11345,,,,,,,
"1346, 11346",1346,,11346,,,,,,,
"1347, 11347",1347,,11347,,,,,,,
"1348, 11348",1348,,11348,,,,,,,
"1349, 11349",1349,,11349,,,,,,,
"313,  10313,22313, 24313",313,,10313,,,,,,22313,24313
"314,  10314,22314, 24314",314,,10314,,,,,,22314,24314
"315,  10315,22315, 24315",315,,10315,,,,,,22315,24315
"316,  10316,22316, 24316",316,,10316,,,,,,22316,24316
"317,  10317,22317, 24317",317,,10317,,,,,,22317,24317
"25,12025,18025",25,,,12025,,,18025,,,
"318,12318,18318",318,,,12318,,,18318,,,
"319,12319,18319",319,,,12319,,,18319,,,
"320,12320,18320",320,,,12320,,,18320,,,
"321,12321,18321",321,,,12321,,,18321,,,
"322,12322,18322",322,,,12322,,,18322,,,
"323,12323,18323",323,,,12323,,,18323,,,
"324,12324,18324",324,,,12324,,,18324,,,
"325,12325,18325",325,,,12325,,,18325,,,
"326,12326,18326",326,,,12326,,,18326,,,
"327,12327,18327",327,,,12327,,,18327,,,
"328,12328,18328",328,,,12328,,,18328,,,
"329,12329,18329",329,,,12329,,,18329,,,
"330,12330,18330",330,,,12330,,,18330,,,
"1350, 7350",1350,7350,,,,,,,,
"1351, 7351",1351,7351,,,,,,,,
"1352, 7352",1352,7352,,,,,,,,
"1353, 7353",1353,7353,,,,,,,,
"1354, 7354",1354,7354,,,,,,,,
"1355, 7355",1355,7355,,,,,,,,
"1356, 7356",1356,7356,,,,,,,,
"1357, 7357",1357,7357,,,,,,,,
"1358, 7358",1358,7358,,,,,,,,
"1359, 7359",1359,7359,,,,,,,,
"1360, 7360",1360,7360,,,,,,,,
"1361, 7361",1361,7361,,,,,,,,
"1362, 7362",1362,7362,,,,,,,,
"1363, 7363",1363,7363,,,,,,,,
"26, 6001,  12026",26,6001,,12026,,,,,,
"331, 6331,12331",331,6331,,12331,,,,,,
"332, 6332,12332",332,6332,,12332,,,,,,
"333,6333,12333",333,6333,,12333,,,,,,
"27, 72, 10027, 12027, 14027, 16027, 18027, 20027, 22027, 24027",27,72,10027,12027,14027,16027,18027,20027,22027,24027
"334, 6334, 10334,16334,22334, 24334",334,6334,10334,,,,,,22334,24334
"335, 6335, 10335,  14335, 16335, 18335, 20335, 22335, 24335",335,6335,10335,,14335,16335,18335,20335,22335,24335
"336, 6336, 10336,  14336, 16336, 18336, 20336, 22336, 24336",336,6336,10336,,14336,16336,18336,20336,22336,24336
"337, 6337, 10337,16337, 18337, 20337, 22337, 24337, 1129, 7129, 11129,  15129, 17129, 19129, 21129, 23129, 25129, 1284, 7284,15284, 17284, 19284,  23284, 25284,  ",337,6337,10337,,,16337,18337,20337,22337,24337
"338, 6338, 10338,  14338, 16338, 18338, 20338, 22338, 24338",338,6338,10338,,14338,16338,18338,20338,22338,24338
"339, 6339, 10339, 12339, 14339, 16339, 18339, 20339, 22339, 24339, 1119, 7119, 11119,  15119,  19119,  23119, 25119",339,6339,10339,12339,14339,16339,18339,20339,22339,24339
"340, 6340,  12340,  16340, 18340, 20340, 22340, 24340, 1043,13043,  17043, 19043, 21043",340,6340,,12340,,16340,18340,20340,22340,24340
"341, 6341, 10341, 12341, 14341, 16341, 18341, 20341, 22341, 24341",341,6341,10341,12341,14341,16341,18341,20341,22341,24341
"342, 6342, 10342,16342,22342, 24342",342,6342,10342,,,16342,,,22342,24342
"1364, 7364",1364,7364,,,,,,,,
"1365, 7365",1365,7365,,,,,,,,
"1366, 7366",1366,7366,,,,,,,,
"1367, 7367",1367,7367,,,,,,,,
"1368, 7368",1368,7368,,,,,,,,
"1369, 7369",1369,7369,,,,,,,,
"1370, 7370",1370,7370,,,,,,,,
"1371, 7371",1371,7371,,,,,,,,
"1372, 7372",1372,7372,,,,,,,,
"1373, 7373",1373,7373,,,,,,,,
"1374, 7374",1374,7374,,,,,,,,
"1375, 7375",1375,7375,,,,,,,,
"1376, 7376",1376,7376,,,,,,,,
"1377, 7377",1377,7377,,,,,,,,
"1378, 7378",1378,7378,,,,,,,,
"1379, 7379",1379,7379,,,,,,,,
"1380, 7380",1380,7380,,,,,,,,
"1381, 7381",1381,7381,,,,,,,,
"1382, 7382",1382,7382,,,,,,,,
"1383, 7383",1383,7383,,,,,,,,
"1384, 7384",1384,7384,,,,,,,,
"1385, 7385",1385,7385,,,,,,,,
"1386, 7386",1386,7386,,,,,,,,
"1387, 7387",1387,7387,,,,,,,,
"1388, 7388",1388,7388,,,,,,,,
"1389, 7389",1389,7389,,,,,,,,
"1390, 7390",1390,7390,,,,,,,,
"1391, 7391",1391,7391,,,,,,,,
"1392, 7392",1392,7392,,,,,,,,
"1393, 7393",1393,7393,,,,,,,,
"1394, 7394",1394,7394,,,,,,,,
"1395, 7395",1395,7395,,,,,,,,
"1396, 7396",1396,7396,,,,,,,,
"1397, 7397",1397,7397,,,,,,,,
"1398, 7398",1398,7398,,,,,,,,
"1399, 7399",1399,7399,,,,,,,,
"1400, 7400",1400,7400,,,,,,,,
"1401, 7401",1401,7401,,,,,,,,
"1402, 7402",1402,7402,,,,,,,,
"1403, 7403",1403,7403,,,,,,,,
"1404, 7404",1404,7404,,,,,,,,
"1405, 7405",1405,7405,,,,,,,,
"1406, 7406",1406,7406,,,,,,,,
"1407, 7407",1407,7407,,,,,,,,
"1408, 7408",1408,7408,,,,,,,,
"1409, 7409",1409,7409,,,,,,,,
"1410, 7410",1410,7410,,,,,,,,
"1411, 7411",1411,7411,,,,,,,,
"1412, 7412",1412,7412,,,,,,,,
"1413, 7413",1413,7413,,,,,,,,
"1414, 7414",1414,7414,,,,,,,,
"1415, 7415",1415,7415,,,,,,,,
"1416, 7416",1416,7416,,,,,,,,
"1417, 7417",1417,7417,,,,,,,,
"1418, 7418",1418,7418,,,,,,,,
"1419, 7419",1419,7419,,,,,,,,
"1420, 7420",1420,7420,,,,,,,,
"1421, 7421",1421,7421,,,,,,,,
"1422, 7422",1422,7422,,,,,,,,
"1423, 7423",1423,7423,,,,,,,,
"1424, 7424",1424,7424,,,,,,,,
"1425, 7425",1425,7425,,,,,,,,
"1426, 7426",1426,7426,,,,,,,,
"1427, 7427",1427,7427,,,,,,,,
"1428, 7428",1428,7428,,,,,,,,
"1429, 7429",1429,7429,,,,,,,,
"1430, 7430",1430,7430,,,,,,,,
"1431, 7431",1431,7431,,,,,,,,
"1432, 7432",1432,7432,,,,,,,,
"1433, 7433",1433,7433,,,,,,,,
"1434, 7434",1434,7434,,,,,,,,
"1435, 7435",1435,7435,,,,,,,,
"1436, 7436",1436,7436,,,,,,,,
"1437, 7437",1437,7437,,,,,,,,
"1438, 7438",1438,7438,,,,,,,,
"1439, 7439",1439,7439,,,,,,,,
"1440, 7440",1440,7440,,,,,,,,
"1441, 7441",1441,7441,,,,,,,,
"1442, 7442",1442,7442,,,,,,,,
"1443, 7443",1443,7443,,,,,,,,
"1444, 7444",1444,7444,,,,,,,,
"1445, 7445",1445,7445,,,,,,,,
"1446, 7446",1446,7446,,,,,,,,
"1447, 7447",1447,7447,,,,,,,,
"1448, 7448",1448,7448,,,,,,,,
"1449, 7449",1449,7449,,,,,,,,
"1450, 7450",1450,7450,,,,,,,,
"1451, 7451",1451,7451,,,,,,,,
"1452, 7452",1452,7452,,,,,,,,
"1453, 7453",1453,7453,,,,,,,,
"1454, 7454",1454,7454,,,,,,,,
"1455, 7455",1455,7455,,,,,,,,
"1456, 7456",1456,7456,,,,,,,,
"1457, 7457",1457,7457,,,,,,,,
"1458, 7458",1458,7458,,,,,,,,
"1459, 7459",1459,7459,,,,,,,,
"1460, 7460",1460,7460,,,,,,,,
"1461, 7461",1461,7461,,,,,,,,
"1462, 7462",1462,7462,,,,,,,,
"1463, 7463",1463,7463,,,,,,,,
"1464, 7464",1464,7464,,,,,,,,
"1465, 7465",1465,7465,,,,,,,,
"1466, 7466",1466,7466,,,,,,,,
"1467, 7467",1467,7467,,,,,,,,
"1468, 7468",1468,7468,,,,,,,,
"1469, 7469",1469,7469,,,,,,,,
"1470, 7470",1470,7470,,,,,,,,
"1471, 7471",1471,7471,,,,,,,,
"1472, 7472",1472,7472,,,,,,,,
"1473, 7473",1473,7473,,,,,,,,
"1474, 7474",1474,7474,,,,,,,,
"1475, 7475",1475,7475,,,,,,,,
"1476, 7476",1476,7476,,,,,,,,
"1477, 7477",1477,7477,,,,,,,,
"1478, 7478",1478,7478,,,,,,,,
"1479, 7479",1479,7479,,,,,,,,
"1480, 7480",1480,7480,,,,,,,,
"1481, 7481",1481,7481,,,,,,,,
"1482, 7482",1482,7482,,,,,,,,
"1483, 7483",1483,7483,,,,,,,,
"1484, 7484",1484,7484,,,,,,,,
"1485, 7485",1485,7485,,,,,,,,
"1486, 7486",1486,7486,,,,,,,,
"1487, 7487",1487,7487,,,,,,,,
"1488, 7488",1488,7488,,,,,,,,
"1489, 7489",1489,7489,,,,,,,,
"1490, 7490",1490,7490,,,,,,,,
"1491, 7491",1491,7491,,,,,,,,
"1492, 7492",1492,7492,,,,,,,,
"1493, 7493",1493,7493,,,,,,,,
"1494, 7494",1494,7494,,,,,,,,
"1495, 7495",1495,7495,,,,,,,,
"1496, 7496",1496,7496,,,,,,,,
"1497, 7497",1497,7497,,,,,,,,
"1498, 7498",1498,7498,,,,,,,,
"1499, 7499",1499,7499,,,,,,,,
"1500, 7500",1500,7500,,,,,,,,
"1501, 7501",1501,7501,,,,,,,,
"1502, 7502",1502,7502,,,,,,,,
"1503, 7503",1503,7503,,,,,,,,
"1504, 7504",1504,7504,,,,,,,,
"1505, 7505",1505,7505,,,,,,,,
"1506, 7506",1506,7506,,,,,,,,
"1507, 7507",1507,7507,,,,,,,,
"1508, 7508",1508,7508,,,,,,,,
"1509, 7509",1509,7509,,,,,,,,
"1510, 7510",1510,7510,,,,,,,,
"1511, 7511",1511,7511,,,,,,,,
"1512, 7512",1512,7512,,,,,,,,
"1513, 7513",1513,7513,,,,,,,,
"1514, 7514",1514,7514,,,,,,,,
"1515, 7515",1515,7515,,,,,,,,
"1516, 7516",1516,7516,,,,,,,,
"1517, 7517",1517,7517,,,,,,,,
"1518, 7518",1518,7518,,,,,,,,
"1519, 7519",1519,7519,,,,,,,,
"1520, 7520",1520,7520,,,,,,,,
"1521, 7521",1521,7521,,,,,,,,
"1522, 7522",1522,7522,,,,,,,,
"1523, 7523",1523,7523,,,,,,,,
"1524, 7524",1524,7524,,,,,,,,
"1525, 7525",1525,7525,,,,,,,,
"1526, 7526",1526,7526,,,,,,,,
"1527, 7527",1527,7527,,,,,,,,
"1528, 7528",1528,7528,,,,,,,,
"1529, 7529",1529,7529,,,,,,,,
"1530, 7530",1530,7530,,,,,,,,
"1531, 7531",1531,7531,,,,,,,,
"1532, 7532",1532,7532,,,,,,,,
"1533, 7533",1533,7533,,,,,,,,
"1534, 7534",1534,7534,,,,,,,,
"1535, 7535",1535,7535,,,,,,,,
"1536, 7536",1536,7536,,,,,,,,
"1537, 7537",1537,7537,,,,,,,,
"1538, 7538",1538,7538,,,,,,,,
"1539, 7539",1539,7539,,,,,,,,
"1540, 7540",1540,7540,,,,,,,,
"1541, 7541",1541,7541,,,,,,,,
"1542, 7542",1542,7542,,,,,,,,
"1543, 7543",1543,7543,,,,,,,,
"1544, 7544",1544,7544,,,,,,,,
"1545, 7545",1545,7545,,,,,,,,
"1546, 7546",1546,7546,,,,,,,,
"1547, 7547",1547,7547,,,,,,,,
"1548, 7548",1548,7548,,,,,,,,
"1549, 7549",1549,7549,,,,,,,,
"1550, 7550",1550,7550,,,,,,,,
"1551, 7551",1551,7551,,,,,,,,
"1552, 7552",1552,7552,,,,,,,,
"1553, 7553",1553,7553,,,,,,,,
"1554, 7554",1554,7554,,,,,,,,
"1555, 7555",1555,7555,,,,,,,,
"1556, 7556",1556,7556,,,,,,,,
"1557, 7557",1557,7557,,,,,,,,
"1558, 7558",1558,7558,,,,,,,,
"1559, 7559",1559,7559,,,,,,,,
"1560, 7560",1560,7560,,,,,,,,
"1561, 7561",1561,7561,,,,,,,,
"1562, 7562",1562,7562,,,,,,,,
"1563, 7563",1563,7563,,,,,,,,
"1564, 7564",1564,7564,,,,,,,,
"1565, 7565",1565,7565,,,,,,,,
"1566, 7566",1566,7566,,,,,,,,
"1567, 7567",1567,7567,,,,,,,,
"1568, 7568",1568,7568,,,,,,,,
"1569, 7569",1569,7569,,,,,,,,
"1570, 7570",1570,7570,,,,,,,,
"1571, 7571",1571,7571,,,,,,,,
"1572, 7572",1572,7572,,,,,,,,
"1573, 7573",1573,7573,,,,,,,,
"1574, 7574",1574,7574,,,,,,,,
"1575, 7575",1575,7575,,,,,,,,
"1576, 7576",1576,7576,,,,,,,,
"1577, 7577",1577,7577,,,,,,,,
"1578, 7578",1578,7578,,,,,,,,
"1579, 7579",1579,7579,,,,,,,,
"1580, 7580",1580,7580,,,,,,,,
"1581, 7581",1581,7581,,,,,,,,
"1582, 7582",1582,7582,,,,,,,,
"1583, 7583",1583,7583,,,,,,,,
"1584, 7584",1584,7584,,,,,,,,
"1585, 7585",1585,7585,,,,,,,,
"1586, 7586",1586,7586,,,,,,,,
"1587, 7587",1587,7587,,,,,,,,
"1588, 7588",1588,7588,,,,,,,,
"1589, 7589",1589,7589,,,,,,,,
"1590, 7590",1590,7590,,,,,,,,
"1591, 7591",1591,7591,,,,,,,,
"1592, 7592",1592,7592,,,,,,,,
"1593, 7593",1593,7593,,,,,,,,
"1594, 7594",1594,7594,,,,,,,,
"1595, 7595",1595,7595,,,,,,,,
"1596, 7596",1596,7596,,,,,,,,
"1597, 7597",1597,7597,,,,,,,,
"1598, 7598",1598,7598,,,,,,,,
"1599, 7599",1599,7599,,,,,,,,
"1600, 7600",1600,7600,,,,,,,,
"1601, 7601",1601,7601,,,,,,,,
"1602, 7602",1602,7602,,,,,,,,
"1603, 7603",1603,7603,,,,,,,,
"1604, 7604",1604,7604,,,,,,,,
"1605, 7605",1605,7605,,,,,,,,
"1606, 7606",1606,7606,,,,,,,,
"1607, 7607",1607,7607,,,,,,,,
"1608, 7608",1608,7608,,,,,,,,
"1609, 7609",1609,7609,,,,,,,,
"1610, 7610",1610,7610,,,,,,,,
"1611, 7611",1611,7611,,,,,,,,
"1612, 7612",1612,7612,,,,,,,,
"1613, 7613",1613,7613,,,,,,,,
"1614, 7614",1614,7614,,,,,,,,
"1615, 7615",1615,7615,,,,,,,,
"1616, 7616",1616,7616,,,,,,,,
"1617, 7617",1617,7617,,,,,,,,
"1618, 7618",1618,7618,,,,,,,,
"1619, 7619",1619,7619,,,,,,,,
"1620, 7620",1620,7620,,,,,,,,
"1621, 7621",1621,7621,,,,,,,,
"1622, 7622",1622,7622,,,,,,,,
"1623, 7623",1623,7623,,,,,,,,
"1624, 7624",1624,7624,,,,,,,,
"1625, 7625",1625,7625,,,,,,,,
"1626, 7626",1626,7626,,,,,,,,
"1627, 7627",1627,7627,,,,,,,,
"1628, 7628",1628,7628,,,,,,,,
"1629, 7629",1629,7629,,,,,,,,
"28,14028, 16028, 18028,  22028, 24028",28,,,,14028,16028,18028,,22028,24028
"343,14343, 16343, 18343,  22343, 24343",343,,,,14343,16343,18343,,22343,24343
"344,14344, 16344, 18344,  22344, 24344",344,,,,14344,16344,18344,,22344,24344
"345,14345, 16345, 18345,  22345, 24345",345,,,,14345,16345,18345,,22345,24345
"346,14346, 16346, 18346,  22346, 24346",346,,,,14346,16346,18346,,22346,24346
"347,14347, 16347, 18347,  22347, 24347",347,,,,14347,16347,18347,,22347,24347
"348,14348, 16348, 18348,  22348, 24348",348,,,,14348,16348,18348,,22348,24348
"349,14349, 16349, 18349,  22349, 24349",349,,,,14349,16349,18349,,22349,24349
"350,14350, 16350, 18350,  22350, 24350",350,,,,14350,16350,18350,,22350,24350
"351,14351, 16351, 18351,  22351, 24351",351,,,,14351,16351,18351,,22351,24351
"352,14352, 16352,22352, 24352",352,,,,14352,16352,,,22352,24352
"353,16353,22353, 24353",353,,,,,16353,,,22353,24353
"354,16354,22354, 24354",354,,,,,16354,,,22354,24354
"355,16355,22355, 24355",355,,,,,16355,,,22355,24355
"356,16356,22356, 24356",356,,,,,16356,,,22356,24356
"357,22357, 24357",357,,,,,,,,22357,24357
"358,22358, 24358",358,,,,,,,,22358,24358
"359,22359, 24359",359,,,,,,,,22359,24359
"360,22360, 24360",360,,,,,,,,22360,24360
"361,22361, 24361",361,,,,,,,,22361,24361
"362,22362, 24362",362,,,,,,,,22362,24362
"363,14363, 16363,22363, 24363",363,,,,14363,16363,,,22363,24363
"364,14364, 16364,22364, 24364",364,,,,14364,16364,,,22364,24364
"365,14365, 16365,22365, 24365",365,,,,14365,16365,,,22365,24365
"366,14366, 16366,22366, 24366",366,,,,14366,16366,,,22366,24366
"367,14367, 16367,22367, 24367",367,,,,14367,16367,,,22367,24367
"368,14368, 16368,22368, 24368",368,,,,14368,16368,,,22368,24368
"369,14369, 16369,22369, 24369",369,,,,14369,16369,,,22369,24369
"370,14370, 16370,22370, 24370",370,,,,14370,16370,,,22370,24370
"371,14371, 16371,22371, 24371",371,,,,14371,16371,,,22371,24371
"372,14372, 16372,22372, 24372",372,,,,14372,16372,,,22372,24372
"373,14373, 16373,22373, 24373",373,,,,14373,16373,,,22373,24373
"374,14374, 16374,22374, 24374",374,,,,14374,16374,,,22374,24374
"375,14375, 16375,22375, 24375",375,,,,14375,16375,,,22375,24375
"376,14376, 16376,22376, 24376",376,,,,14376,16376,,,22376,24376
"377,14377, 16377,22377, 24377",377,,,,14377,16377,,,22377,24377
"378,14378, 16378,22378, 24378",378,,,,14378,16378,,,22378,24378
"379,14379, 16379,22379, 24379",379,,,,14379,16379,,,22379,24379
"380,14380, 16380,22380, 24380",380,,,,14380,16380,,,22380,24380
"381,22381, 24381",381,,,,,,,,22381,24381
"382,22382, 24382",382,,,,,,,,22382,24382
"29, 74",29,74,,,,,,,,
"383, 6383",383,6383,,,,,,,,
"384, 6384",384,6384,,,,,,,,
"385, 6385",385,6385,,,,,,,,
"386, 6386",386,6386,,,,,,,,
"1283, 7283,1256, 7256",1283,7283,,,,,,,,
"387, 6387",387,6387,,,,,,,,
"388, 6388",388,6388,,,,,,,,
"389, 6389",389,6389,,,,,,,,
"390, 6390",390,6390,,,,,,,,
"391, 6391",391,6391,,,,,,,,
"Classic > Apparel > Men > Garments",1293,7293,,,,,,,,
"Classic > Apparel > Women > Garments",1294,7294,,,,,,,,
"392, 6392",392,6392,,,,,,,,
"393, 6393",393,6393,,,,,,,,
"394, 6394",394,6394,,,,,,,,
"395, 6395",395,6395,,,,,,,,
"396, 6396",396,6396,,,,,,,,
"397, 6397",397,6397,,,,,,,,
"398, 6398",398,6398,,,,,,,,
"399, 6399",399,6399,,,,,,,,
"400, 6400",400,6400,,,,,,,,
"401, 6401",401,6401,,,,,,,,
"402, 6402",402,6402,,,,,,,,
"403, 6403,56, ",403,6403,,,,,,,,
"404, 6404",404,6404,,,,,,,,
"30, 75, 10030, 12030, 14030, 16030, 18030, 20030, 22030, 24030",30,75,10030,12030,14030,16030,18030,20030,22030,24030
"405, 6405, 10405, 12405, 14405, 16405, 18405, 20405, 22405, 24405",405,6405,10405,12405,14405,16405,18405,20405,22405,24405
"406, 6406, 10406, 12406, 14406, 16406, 18406, 20406, 22406, 24406",406,6406,10406,12406,14406,16406,18406,20406,22406,24406
"407, 6407, 10407, 12407, 14407, 16407, 18407, 20407, 22407, 24407",407,6407,10407,12407,14407,16407,18407,20407,22407,24407
"408, 6408, 10408, 12408, 14408, 16408, 18408, 20408, 22408, 24408",408,6408,10408,12408,14408,16408,18408,20408,22408,24408
"409, 6409, 10409, 12409, 14409, 16409, 18409, 20409, 22409, 24409",409,6409,10409,12409,14409,16409,18409,20409,22409,24409
"410, 6410, 10410, 12410, 14410, 16410, 18410, 20410, 22410, 24410",410,6410,10410,12410,14410,16410,18410,20410,22410,24410
"411, 6411, 10411, 12411, 14411, 16411, 18411, 20411, 22411, 24411",411,6411,10411,12411,14411,16411,18411,20411,22411,24411
"412, 6412, 10412, 12412, 14412, 16412, 18412, 20412, 22412, 24412",412,6412,10412,12412,14412,16412,18412,20412,22412,24412
"413, 6413, 10413, 12413, 14413, 16413, 18413, 20413, 22413, 24413",413,6413,10413,12413,14413,16413,18413,20413,22413,24413
"414, 6414, 10414, 12414, 14414, 16414, 18414, 20414, 22414, 24414",414,6414,10414,12414,14414,16414,18414,20414,22414,24414
"415, 6415, 10415, 12415, 14415, 16415, 18415, 20415, 22415, 24415",415,6415,10415,12415,14415,16415,18415,20415,22415,24415
"416, 6416, 10416, 12416, 14416, 16416, 18416, 20416, 22416, 24416",416,6416,10416,12416,14416,16416,18416,20416,22416,24416
"417, 6417, 10417, 12417, 14417, 16417, 18417, 20417, 22417, 24417",417,6417,10417,12417,14417,16417,18417,20417,22417,24417
"418, 6418, 10418, 12418, 14418, 16418, 18418, 20418, 22418, 24418",418,6418,10418,12418,14418,16418,18418,20418,22418,24418
"419, 6419, 10419, 12419, 14419, 16419, 18419, 20419, 22419, 24419",419,6419,10419,12419,14419,16419,18419,20419,22419,24419
"420, 6420, 10420, 12420, 14420, 16420, 18420, 20420, 22420, 24420",420,6420,10420,12420,14420,16420,18420,20420,22420,24420
"421, 6421, 10421, 12421, 14421, 16421, 18421, 20421, 22421, 24421",421,6421,10421,12421,14421,16421,18421,20421,22421,24421
"422, 6422, 10422, 12422, 14422, 16422, 18422, 20422, 22422, 24422",422,6422,10422,12422,14422,16422,18422,20422,22422,24422
"423, 6423, 10423,",423,6423,10423,,,,,,,
"424, 6424, 10424,",424,6424,10424,,,,,,,
"425, 6425, 10425,",425,6425,10425,,,,,,,
"426, 6426, 10426,",426,6426,10426,,,,,,,
"427, 6427, 10427,",427,6427,10427,,,,,,,
"428, 6428, 10428,",428,6428,10428,,,,,,,
"429, 6429, 10429,",429,6429,10429,,,,,,,
"430, 6430, 10430,",430,6430,10430,,,,,,,
"Classic > Small Equipment  > Endodontic > MagnetoStrictive",431,6431,10431,,,,,,,
"432, 6432, 10432,",432,6432,10432,,,,,,,
"433, 6433, 10433,",433,6433,10433,,,,,,,
"Classic > Small Equipment  > Endodontic > MagnetoStrictive > Replacement Parts",434,6434,10434,,,,,,,
"Classic > Small Equipment  > Endodontic > MagnetoStrictive > Units",435,6435,10435,,,,,,,
"436, 6436, 10436,",436,6436,10436,,,,,,,
"Classic > Small Equipment  > Endodontic > PiezoElectric",437,6437,10437,,,,,,,
"438, 6438, 10438,,  11152",438,6438,10438,,,,,,,
"Classic > Small Equipment  > Endodontic > PiezoElectric > Replacement Parts",439,6439,10439,,,,,,,
"Classic > Small Equipment  > Endodontic > PiezoElectric > Units",440,6440,10440,,,,,,,
"441, 6441, 10441,",441,6441,10441,,,,,,,
"442, 6442, 10442,",442,6442,10442,,,,,,,
"443, 6443, 10443,",443,6443,10443,,,,,,,
"444, 6444, 10444,",444,6444,10444,,,,,,,
"445, 6445, 10445,",445,6445,10445,,,,,,,
"446, 6446, 10446,",446,6446,10446,,,,,,,
"447, 6447, 10447,",447,6447,10447,,,,,,,
"448, 6448, 10448,",448,6448,10448,,,,,,,
"449, 6449, 10449,",449,6449,10449,,,,,,,
"450, 6450, 10450,",450,6450,10450,,,,,,,
"451, 6451, 10451,",451,6451,10451,,,,,,,
"452, 6452, 10452,",452,6452,10452,,,,,,,
"453, 6453, 10453,",453,6453,10453,,,,,,,
"454, 6454, 10454,",454,6454,10454,,,,,,,
"455, 6455, 10455,",455,6455,10455,,,,,,,
"456, 6456, 10456, 12456,  16456, 18456, 20456, 22456, 24456",456,6456,10456,12456,,16456,18456,20456,22456,24456
"457, 6457, 10457, 12457,  16457, 18457, 20457, 22457, 24457",457,6457,10457,12457,,16457,18457,20457,22457,24457
"458, 6458, 10458, 12458,  16458, 18458, 20458, 22458, 24458",458,6458,10458,12458,,16458,18458,20458,22458,24458
"459, 6459, 10459, 12459,  16459, 18459, 20459, 22459, 24459",459,6459,10459,12459,,16459,18459,20459,22459,24459
"460, 6460, 10460, 12460,  16460, 18460, 20460, 22460, 24460",460,6460,10460,12460,,16460,18460,20460,22460,24460
"461, 6461, 10461, 12461,  16461, 18461, 20461, 22461, 24461",461,6461,10461,12461,,16461,18461,20461,22461,24461
"462, 6462, 10462, 12462,  16462, 18462, 20462, 22462, 24462",462,6462,10462,12462,,16462,18462,20462,22462,24462
"463, 6463,16463, 18463, ",463,6463,,,,16463,18463,,,
"464, 6464,16464, 18464,, 490, 6490,18490, ",464,6464,,,,16464,18464,,,
"465, 6465,16465, 18465,, 491, 6491,18491, ",465,6465,,,,16465,18465,,,
"466, 6466,16466, 18466, ",466,6466,,,,16466,18466,,,
"467, 6467,16467,  ",467,6467,,,,16467,,,,
"468, 6468,16468,  ",468,6468,,,,16468,,,,
"469, 6469,16469,  ",469,6469,,,,16469,,,,
"470, 6470,16470,  ",470,6470,,,,16470,,,,
"471, 6471,16471,  ",471,6471,,,,16471,,,,
"472, 6472,16472,  ",472,6472,,,,16472,,,,
"473, 6473,16473,  ",473,6473,,,,16473,,,,
"474, 6474,16474,  ",474,6474,,,,16474,,,,
"475, 6475,16475,  ",475,6475,,,,16475,,,,
"476, 6476,16476,  ",476,6476,,,,16476,,,,
"477, 6477,16477,  ",477,6477,,,,16477,,,,
"478, 6478,16478,  ",478,6478,,,,16478,,,,
"479, 6479,16479,  ",479,6479,,,,16479,,,,
"480, 6480,16480,  ",480,6480,,,,16480,,,,
"481, 6481,16481,  ",481,6481,,,,16481,,,,
"482, 6482,16482,  ",482,6482,,,,16482,,,,
"483, 6483,16483,  ",483,6483,,,,16483,,,,
"484, 6484,16484,  ",484,6484,,,,16484,,,,
"485, 6485,16485,  ",485,6485,,,,16485,,,,
"486, 6486,16486,  ",486,6486,,,,16486,,,,
"487, 6487,16487,  ",487,6487,,,,16487,,,,
"488, 6488,16488,  ",488,6488,,,,16488,,,,
"489, 6489,18489, ",489,6489,,,,,18489,,,
"Classic > Instruments > Orthodontic Instruments > Band Pushers",490,6490,,,,,18490,,,
"Classic > Instruments > Orthodontic Instruments > Band Removers",491,6491,,,,,18491,,,
"1290, 7290,19290,, 983,18983, ",1290,7290,,,,,19290,,,
"492, 6492,18492, ",492,6492,,,,,18492,,,
"493, 6493,18493,, 986,18986, ",493,6493,,,,,18493,,,
"494, 6494,18494,, 987,18987, ",494,6494,,,,,18494,,,
"495, 6495,  12495,20495, 22495, 24495",495,6495,,12495,,,,20495,22495,24495
"496, 6496,  12496,20496",496,6496,,12496,,,,20496,,
"497, 6497,  12497,20497",497,6497,,12497,,,,20497,,
"498, 6498,  12498,20498",498,6498,,12498,,,,20498,,
"499, 6499,  12499,20499",499,6499,,12499,,,,20499,,
"500, 6500,  12500,20500",500,6500,,12500,,,,20500,,
"501, 6501,  12501,20501",501,6501,,12501,,,,20501,,
"502, 6502,  12502,20502",502,6502,,12502,,,,20502,,
"503, 6503,  12503,20503",503,6503,,12503,,,,20503,,
"504, 6504,  12504,20504",504,6504,,12504,,,,20504,,
"505, 6505,  12505,20505",505,6505,,12505,,,,20505,,
"506, 6506,  12506,20506",506,6506,,12506,,,,20506,,
"507, 6507,  12507,20507",507,6507,,12507,,,,20507,,
"508, 6508,  12508,20508",508,6508,,12508,,,,20508,,
"509, 6509,  12509,20509",509,6509,,12509,,,,20509,,
"510, 6510,  12510,20510",510,6510,,12510,,,,20510,,
"511, 6511,  12511,20511",511,6511,,12511,,,,20511,,
"512, 6512,  12512,20512",512,6512,,12512,,,,20512,,
"513, 6513,  12513,20513",513,6513,,12513,,,,20513,,
"514, 6514,  12514,20514",514,6514,,12514,,,,20514,,
"515, 6515,  12515,20515",515,6515,,12515,,,,20515,,
"516, 6516,  12516,20516",516,6516,,12516,,,,20516,,
"517, 6517,  12517,20517",517,6517,,12517,,,,20517,,
"518, 6518,  12518,20518",518,6518,,12518,,,,20518,,
"519, 6519,  12519,20519",519,6519,,12519,,,,20519,,
"520, 6520,  12520,20520",520,6520,,12520,,,,20520,,
"521, 6521,  12521,20521",521,6521,,12521,,,,20521,,
"522, 6522,  12522,20522",522,6522,,12522,,,,20522,,
"523, 6523,  12523,20523",523,6523,,12523,,,,20523,,
"524, 6524,  12524,20524",524,6524,,12524,,,,20524,,
"525, 6525,  12525,20525",525,6525,,12525,,,,20525,,
"526, 6526,  12526,20526",526,6526,,12526,,,,20526,,
"527, 6527,  12527,20527",527,6527,,12527,,,,20527,,
"528, 6528,  12528,20528",528,6528,,12528,,,,20528,,
"529, 6529,  12529,20529",529,6529,,12529,,,,20529,,
"530, 6530,  12530,20530",530,6530,,12530,,,,20530,,
"531, 6531,  12531,20531",531,6531,,12531,,,,20531,,
"532, 6532,  12532,20532",532,6532,,12532,,,,20532,,
"533, 6533,  12533,20533",533,6533,,12533,,,,20533,,
"534, 6534,  12534,20534",534,6534,,12534,,,,20534,,
"535, 6535,20535",535,6535,,,,,,20535,,
"536, 6536,  12536,20536",536,6536,,12536,,,,20536,,
"537, 6537,  12537,20537",537,6537,,12537,,,,20537,,
"538, 6538,  12538,20538",538,6538,,12538,,,,20538,,
"539, 6539,  12539,20539",539,6539,,12539,,,,20539,,
"540, 6540,  12540,20540",540,6540,,12540,,,,20540,,
"541, 6541,  12541,20541",541,6541,,12541,,,,20541,,
"542, 6542,  12542,20542",542,6542,,12542,,,,20542,,
"543, 6543,  12543,20543",543,6543,,12543,,,,20543,,
"544, 6544,  12544,20544",544,6544,,12544,,,,20544,,
"545, 6545,  12545,20545",545,6545,,12545,,,,20545,,
"546, 6546,  12546,20546",546,6546,,12546,,,,20546,,
"547, 6547,  12547,20547",547,6547,,12547,,,,20547,,
"548, 6548,  12548,20548",548,6548,,12548,,,,20548,,
"549, 6549,  12549,20549",549,6549,,12549,,,,20549,,
"550, 6550,  12550,20550",550,6550,,12550,,,,20550,,
"551, 6551,  12551,20551",551,6551,,12551,,,,20551,,
"552, 6552,  12552,20552",552,6552,,12552,,,,20552,,
"553, 6553,  12553,20553",553,6553,,12553,,,,20553,,
"554, 6554,  12554,20554",554,6554,,12554,,,,20554,,
"555, 6555,  12555,20555",555,6555,,12555,,,,20555,,
"556, 6556,  12556,20556",556,6556,,12556,,,,20556,,
"557, 6557,  12557,20557",557,6557,,12557,,,,20557,,
"558, 6558,  12558,20558",558,6558,,12558,,,,20558,,
"559, 6559,  12559,20559",559,6559,,12559,,,,20559,,
"560, 6560,  12560,20560",560,6560,,12560,,,,20560,,
"561, 6561,  12561,20561",561,6561,,12561,,,,20561,,
"562, 6562,  12562,20562",562,6562,,12562,,,,20562,,
"563, 6563,  12563,20563",563,6563,,12563,,,,20563,,
"564, 6564,  12564,20564",564,6564,,12564,,,,20564,,
"565, 6565,  12565,20565",565,6565,,12565,,,,20565,,
"566, 6566,  12566,20566",566,6566,,12566,,,,20566,,
"567, 6567,  12567,20567",567,6567,,12567,,,,20567,,
"568, 6568,  12568,20568",568,6568,,12568,,,,20568,,
"569, 6569,  12569,20569",569,6569,,12569,,,,20569,,
"570, 6570,  12570,20570, 22570, 24570",570,6570,,12570,,,,20570,22570,24570
"571, 6571,  12571,20571, 22571, 24571",571,6571,,12571,,,,20571,22571,24571
"Classic > Small Equipment  > Hygiene > MagnetoStrictive",572,6572,,12572,,,,20572,,
"573, 6573,  12573,20573",573,6573,,12573,,,,20573,,
"574, 6574,  12574,20574",574,6574,,12574,,,,20574,,
"Classic > Small Equipment  > Hygiene > MagnetoStrictive > Replacement Parts",575,6575,,12575,,,,20575,,
"Classic > Small Equipment  > Hygiene > MagnetoStrictive > Units",576,6576,,12576,,,,20576,,
"Classic > Small Equipment  > Hygiene > PiezoElectric",577,6577,,12577,,,,20577,,
"578,6578,12578,20578,13152",578,6578,,12578,,,,20578,,
"Classic > Small Equipment  > Hygiene > PiezoElectric > Replacement Parts",579,6579,,12579,,,,20579,,
"Classic > Small Equipment  > Hygiene > PiezoElectric > Units",580,6580,,12580,,,,20580,,
"581, 6581,  12581,20581",581,6581,,12581,,,,20581,,
"582, 6582,  12582,  16582, 18582, 20582, 22582, 24582",582,6582,,12582,,16582,18582,20582,22582,24582
"583, 6583,  12583,  16583, 18583, 20583, 22583, 24583",583,6583,,12583,,16583,18583,20583,22583,24583
"584, 6584,  12584,  16584,  20584, 22584, 24584",584,6584,,12584,,16584,,20584,22584,24584
"585, 6585,  12585,  16585,  20585, 22585, 24585",585,6585,,12585,,16585,,20585,22585,24585
"586, 6586,  12586,  16586,  20586, 22586, 24586",586,6586,,12586,,16586,,20586,22586,24586
"587, 6587,  12587,  16587,  20587, 22587, 24587",587,6587,,12587,,16587,,20587,22587,24587
"588, 6588,  12588,  16588,  20588, 22588, 24588",588,6588,,12588,,16588,,20588,22588,24588
"589, 6589,  12589,  16589,  20589, 22589, 24589",589,6589,,12589,,16589,,20589,22589,24589
"590, 6590,  12590,  16590,  20590, 22590, 24590",590,6590,,12590,,16590,,20590,22590,24590
"591, 6591,  12591,  16591,  20591, 22591, 24591",591,6591,,12591,,16591,,20591,22591,24591
"592, 6592,  12592,  16592,  20592, 22592, 24592",592,6592,,12592,,16592,,20592,22592,24592
"593, 6593,  12593,  16593,  20593, 22593, 24593",593,6593,,12593,,16593,,20593,22593,24593
"594, 6594,  12594,  16594,  20594, 22594, 24594",594,6594,,12594,,16594,,20594,22594,24594
"595, 6595,  12595,  16595,  20595, 22595, 24595",595,6595,,12595,,16595,,20595,22595,24595
"596, 6596,  12596,  16596,  20596, 22596, 24596",596,6596,,12596,,16596,,20596,22596,24596
"597, 6597,  12597,  16597,  20597, 22597, 24597",597,6597,,12597,,16597,,20597,22597,24597
"598, 6598,  12598,  16598,  20598, 22598, 24598",598,6598,,12598,,16598,,20598,22598,24598
"599, 6599,  12599,  16599,  20599, 22599, 24599",599,6599,,12599,,16599,,20599,22599,24599
"600, 6600,  12600,  16600,  20600, 22600, 24600",600,6600,,12600,,16600,,20600,22600,24600
"601, 6601,  12601,20601",601,6601,,12601,,,,20601,,
"602, 6602,  12602,  16602, 18602, 20602, 22602, 24602",602,6602,,12602,,16602,18602,20602,22602,24602
"603, 6603,  12603,  16603, 18603, 20603, 22603, 24603",603,6603,,12603,,16603,18603,20603,22603,24603
"604, 6604,  12604,  16604, 18604, 20604, 22604, 24604",604,6604,,12604,,16604,18604,20604,22604,24604
"605, 6605,  12605,  16605,  20605, 22605, 24605",605,6605,,12605,,16605,,20605,22605,24605
"606, 6606,  12606,  16606,  20606, 22606, 24606",606,6606,,12606,,16606,,20606,22606,24606
"607, 6607,  12607,  16607,  20607, 22607, 24607",607,6607,,12607,,16607,,20607,22607,24607
"608, 6608,  12608,  16608,  20608, 22608, 24608",608,6608,,12608,,16608,,20608,22608,24608
"609, 6609,  12609,  16609,  20609, 22609, 24609",609,6609,,12609,,16609,,20609,22609,24609
"610, 6610,  12610,  16610,  20610, 22610, 24610",610,6610,,12610,,16610,,20610,22610,24610
"611, 6611,  12611,  16611,  20611, 22611, 24611",611,6611,,12611,,16611,,20611,22611,24611
"612, 6612,  12612,  16612,  20612, 22612, 24612",612,6612,,12612,,16612,,20612,22612,24612
"613, 6613,  12613,  16613,  20613, 22613, 24613",613,6613,,12613,,16613,,20613,22613,24613
"614, 6614,  12614,  16614,  20614, 22614, 24614",614,6614,,12614,,16614,,20614,22614,24614
"615, 6615,  12615,20615",615,6615,,12615,,,,20615,,
"616, 6616,  12616,  16616, 18616, 20616, 22616, 24616",616,6616,,12616,,16616,18616,20616,22616,24616
"617, 6617,  12617,  16617,  20617, 22617, 24617",617,6617,,12617,,16617,,20617,22617,24617
"618, 6618,  12618,  16618,  20618, 22618, 24618",618,6618,,12618,,16618,,20618,22618,24618
"619, 6619,  12619,  16619,  20619, 22619, 24619",619,6619,,12619,,16619,,20619,22619,24619
"620, 6620,  12620,  16620,  20620, 22620, 24620",620,6620,,12620,,16620,,20620,22620,24620
"621, 6621,  12621,  16621,  20621, 22621, 24621",621,6621,,12621,,16621,,20621,22621,24621
"622, 6622,  12622,  16622,  20622, 22622, 24622",622,6622,,12622,,16622,,20622,22622,24622
"623, 6623,  12623,  16623,  20623, 22623, 24623",623,6623,,12623,,16623,,20623,22623,24623
"624, 6624,  12624,  16624,  20624, 22624, 24624",624,6624,,12624,,16624,,20624,22624,24624
"625, 6625,  12625,  16625,  20625, 22625, 24625",625,6625,,12625,,16625,,20625,22625,24625
"626, 6626,  12626,  16626,  20626, 22626, 24626",626,6626,,12626,,16626,,20626,22626,24626
"627, 6627,  12627,  16627,  20627, 22627, 24627",627,6627,,12627,,16627,,20627,22627,24627
"628, 6628,  12628,20628",628,6628,,12628,,,,20628,,
"629, 6629,  12629,20629, 22629, 24629",629,6629,,12629,,,,20629,22629,24629
"630, 6630,, 22630, 24630",630,6630,,,,,,,22630,24630
"631, 6631,, 22631, 24631",631,6631,,,,,,,22631,24631
"632, 6632,, 22632, 24632",632,6632,,,,,,,22632,24632
"633, 6633,, 22633, 24633",633,6633,,,,,,,22633,24633
"634, 6634,, 22634, 24634",634,6634,,,,,,,22634,24634
"635, 6635, 10635,18635,  22635, 24635",635,6635,10635,,,,18635,,22635,24635
"636, 6636,18636,  22636, 24636",636,6636,,,,,18636,,22636,24636
"637, 6637, 10637,18637,  22637, 24637",637,6637,10637,,,,18637,,22637,24637
"638, 6638, 10638,18638,  22638, 24638",638,6638,10638,,,,18638,,22638,24638
"639, 6639,18639,  22639, 24639",639,6639,,,,,18639,,22639,24639
"640, 6640, 10640,18640,  22640, 24640",640,6640,10640,,,,18640,,22640,24640
"641, 6641,18641,  22641, 24641",641,6641,,,,,18641,,22641,24641
"642, 6642,18642,  22642, 24642",642,6642,,,,,18642,,22642,24642
"643, 6643,18643,  22643, 24643",643,6643,,,,,18643,,22643,24643
"644, 6644,18644,  22644, 24644",644,6644,,,,,18644,,22644,24644
"645, 6645,18645,  22645, 24645",645,6645,,,,,18645,,22645,24645
"646, 6646,18646,  22646, 24646",646,6646,,,,,18646,,22646,24646
"647, 6647,18647,  22647, 24647",647,6647,,,,,18647,,22647,24647
"648, 6648,18648,  22648, 24648",648,6648,,,,,18648,,22648,24648
"649, 6649,18649,  22649, 24649",649,6649,,,,,18649,,22649,24649
"650, 6650,18650,  22650, 24650",650,6650,,,,,18650,,22650,24650
"651, 6651,18651,  22651, 24651",651,6651,,,,,18651,,22651,24651
"652, 6652,18652,  22652, 24652",652,6652,,,,,18652,,22652,24652
"653, 6653,18653,  22653, 24653",653,6653,,,,,18653,,22653,24653
"654, 6654,18654,  22654, 24654",654,6654,,,,,18654,,22654,24654
"655, 6655,18655,  22655, 24655",655,6655,,,,,18655,,22655,24655
"656, 6656,18656,  22656, 24656",656,6656,,,,,18656,,22656,24656
"657, 6657,18657,  22657, 24657",657,6657,,,,,18657,,22657,24657
"658, 6658,18658,  22658, 24658",658,6658,,,,,18658,,22658,24658
"659, 6659,18659,  22659, 24659",659,6659,,,,,18659,,22659,24659
"660, 6660, 10660,18660,  22660, 24660",660,6660,10660,,,,18660,,22660,24660
"661, 6661, 10661,18661,  22661, 24661",661,6661,10661,,,,18661,,22661,24661
"662, 6662, 10662,18662,  22662, 24662",662,6662,10662,,,,18662,,22662,24662
"663, 6663, 10663,18663,  22663, 24663",663,6663,10663,,,,18663,,22663,24663
"664, 6664, 10664,18664,  22664, 24664",664,6664,10664,,,,18664,,22664,24664
"665, 6665, 10665,18665,  22665, 24665",665,6665,10665,,,,18665,,22665,24665
"666, 6666, 10666,18666,  22666, 24666",666,6666,10666,,,,18666,,22666,24666
"667, 6667, 10667,18667,  22667, 24667",667,6667,10667,,,,18667,,22667,24667
"668, 6668, 10668,18668,  22668, 24668",668,6668,10668,,,,18668,,22668,24668
"669, 6669, 10669,18669,  22669, 24669",669,6669,10669,,,,18669,,22669,24669
"670, 6670, 10670,18670,  22670, 24670",670,6670,10670,,,,18670,,22670,24670
"671, 6671, 10671,18671,  22671, 24671",671,6671,10671,,,,18671,,22671,24671
"672, 6672, 10672,18672,  22672, 24672",672,6672,10672,,,,18672,,22672,24672
"673, 6673, 10673,18673,  22673, 24673",673,6673,10673,,,,18673,,22673,24673
"674, 6674, 10674,18674,  22674, 24674",674,6674,10674,,,,18674,,22674,24674
"675, 6675, 10675,18675,  22675, 24675",675,6675,10675,,,,18675,,22675,24675
"676, 6676,18676,  22676, 24676",676,6676,,,,,18676,,22676,24676
"677, 6677,18677,  22677, 24677",677,6677,,,,,18677,,22677,24677
"678, 6678,18678,  22678, 24678",678,6678,,,,,18678,,22678,24678
"679, 6679,18679,  22679, 24679",679,6679,,,,,18679,,22679,24679
"680, 6680, 10680,16680, 18680,  22680, 24680",680,6680,10680,,,16680,18680,,22680,24680
"681, 6681, 10681,18681,  22681, 24681",681,6681,10681,,,,18681,,22681,24681
"682, 6682, 10682,18682,  22682, 24682",682,6682,10682,,,,18682,,22682,24682
"683, 6683, 10683,18683,  22683, 24683",683,6683,10683,,,,18683,,22683,24683
"684, 6684, 10684,18684,  22684, 24684",684,6684,10684,,,,18684,,22684,24684
"685, 6685, 10685,18685,  22685, 24685",685,6685,10685,,,,18685,,22685,24685
"686, 6686, 10686,18686,  22686, 24686",686,6686,10686,,,,18686,,22686,24686
"687, 6687, 10687,18687,  22687, 24687",687,6687,10687,,,,18687,,22687,24687
"688, 6688, 10688,18688,  22688, 24688",688,6688,10688,,,,18688,,22688,24688
"689, 6689, 10689,18689,  22689, 24689",689,6689,10689,,,,18689,,22689,24689
"690, 6690, 10690,18690,  22690, 24690",690,6690,10690,,,,18690,,22690,24690
"691, 6691, 10691,18691,  22691, 24691",691,6691,10691,,,,18691,,22691,24691
"692, 6692, 10692,18692,  22692, 24692",692,6692,10692,,,,18692,,22692,24692
"693, 6693, 10693,18693,  22693, 24693",693,6693,10693,,,,18693,,22693,24693
"694, 6694, 10694,18694,  22694, 24694",694,6694,10694,,,,18694,,22694,24694
"695, 6695, 10695,18695,  22695, 24695",695,6695,10695,,,,18695,,22695,24695
"696, 6696, 10696,18696,  22696, 24696",696,6696,10696,,,,18696,,22696,24696
"697, 6697, 10697,18697,  22697, 24697",697,6697,10697,,,,18697,,22697,24697
"698, 6698, 10698,18698,  22698, 24698",698,6698,10698,,,,18698,,22698,24698
"699, 6699, 10699,18699,  22699, 24699",699,6699,10699,,,,18699,,22699,24699
"700, 6700, 10700,18700,  22700, 24700",700,6700,10700,,,,18700,,22700,24700
"701, 6701, 10701,18701,  22701, 24701",701,6701,10701,,,,18701,,22701,24701
"702, 6702, 10702,18702,  22702, 24702",702,6702,10702,,,,18702,,22702,24702
"703, 6703, 10703,18703,  22703, 24703",703,6703,10703,,,,18703,,22703,24703
"704, 6704,18704,  22704, 24704",704,6704,,,,,18704,,22704,24704
"705, 6705,18705,  22705, 24705",705,6705,,,,,18705,,22705,24705
"706, 6706,18706,  22706, 24706",706,6706,,,,,18706,,22706,24706
"707, 6707,18707,  22707, 24707",707,6707,,,,,18707,,22707,24707
"708, 6708,18708,  22708, 24708",708,6708,,,,,18708,,22708,24708
"709, 6709,18709,  22709, 24709",709,6709,,,,,18709,,22709,24709
"710, 6710,18710,  22710, 24710",710,6710,,,,,18710,,22710,24710
"711, 6711,18711,  22711, 24711",711,6711,,,,,18711,,22711,24711
"712, 6712,18712,  22712, 24712",712,6712,,,,,18712,,22712,24712
"713, 6713,18713,  22713, 24713",713,6713,,,,,18713,,22713,24713
"714, 6714,18714,  22714, 24714",714,6714,,,,,18714,,22714,24714
"715, 6715, 10715,16715, 18715,  22715, 24715",715,6715,10715,,,16715,18715,,22715,24715
"716, 6716, 10716,16716, 18716,  22716, 24716",716,6716,10716,,,16716,18716,,22716,24716
"717, 6717, 10717,16717, 18717,  22717, 24717",717,6717,10717,,,16717,18717,,22717,24717
"718, 6718, 10718,16718, 18718,  22718, 24718",718,6718,10718,,,16718,18718,,22718,24718
"719, 6719, 10719,16719, 18719,  22719, 24719",719,6719,10719,,,16719,18719,,22719,24719
"720, 6720,, 22720, 24720, 1074,  11074,23074, 25074",720,6720,,,,,,,22720,24720
"721, 6721,, 22721, 24721, 1075,  11075,23075, 25075",721,6721,,,,,,,22721,24721
"722, 6722,, 22722, 24722, 1076,  11076,23076, 25076",722,6722,,,,,,,22722,24722
"723, 6723, 10723,18723,  22723, 24723",723,6723,10723,,,,18723,,22723,24723
"724, 6724,18724,  22724, 24724",724,6724,,,,,18724,,22724,24724
"725, 6725,, 22725, 24725",725,6725,,,,,,,22725,24725
"726, 6726,18726,  22726, 24726",726,6726,,,,,18726,,22726,24726
"727, 6727,18727,  22727, 24727",727,6727,,,,,18727,,22727,24727
"728, 6728,18728,  22728, 24728",728,6728,,,,,18728,,22728,24728
"729, 6729,, 22729, 24729",729,6729,,,,,,,22729,24729
"730, 6730,14730,  18730, 20730",730,6730,,,14730,,18730,20730,,
"731, 6731,14731,20731",731,6731,,,14731,,,20731,,
"732, 6732,14732,20732",732,6732,,,14732,,,20732,,
"733, 6733,14733,20733",733,6733,,,14733,,,20733,,
"734, 6734,14734,20734",734,6734,,,14734,,,20734,,
"Classic > Bone Grafting > Instruments",735,6735,,,14735,,,20735,,
"Classic > Bone Grafting > Membrane Placement",736,6736,,,14736,,,20736,,
"Classic > Bone Grafting > Syringes",737,6737,,,14737,,,20737,,
"738, 6738,14738,20738",738,6738,,,14738,,,20738,,
"739, 6739,14739,20739",739,6739,,,14739,,,20739,,
"740, 6740,14740,20740",740,6740,,,14740,,,20740,,
"741, 6741,14741,  18741, 20741",741,6741,,,14741,,18741,20741,,
"742, 6742,14742,  18742, 20742",742,6742,,,14742,,18742,20742,,
"743, 6743,14743,  18743, 20743",743,6743,,,14743,,18743,20743,,
"744, 6744,14744,  18744, 20744",744,6744,,,14744,,18744,20744,,
"745, 6745,14745,  18745, 20745",745,6745,,,14745,,18745,20745,,
"746, 6746,14746,  18746, 20746",746,6746,,,14746,,18746,20746,,
"747, 6747,14747,  18747, 20747",747,6747,,,14747,,18747,20747,,
"748, 6748,14748,  18748, 20748",748,6748,,,14748,,18748,20748,,
"749, 6749,14749,  18749, 20749",749,6749,,,14749,,18749,20749,,
"750, 6750,14750,  18750, 20750",750,6750,,,14750,,18750,20750,,
"751, 6751,14751,20751",751,6751,,,14751,,,20751,,
"752, 6752,14752,20752",752,6752,,,14752,,,20752,,
"753, 6753,14753,  18753, 20753",753,6753,,,14753,,18753,20753,,
"754, 6754,14754,  18754, 20754",754,6754,,,14754,,18754,20754,,
"755, 6755,14755,  18755, 20755",755,6755,,,14755,,18755,20755,,
"756, 6756,14756,  18756, 20756",756,6756,,,14756,,18756,20756,,
"757, 6757,14757,  18757, 20757",757,6757,,,14757,,18757,20757,,
"758, 6758,14758,  18758, 20758",758,6758,,,14758,,18758,20758,,
"759, 6759,14759,  18759, 20759",759,6759,,,14759,,18759,20759,,
"760, 6760, 10760,  14760,  18760, 20760",760,6760,10760,,14760,,18760,20760,,
"761, 6761, 10761,  14761,  18761, 20761,  , 1285,  10285,19285,  23285, 25285",761,6761,10761,,14761,,18761,20761,,
"762, 6762, 10762,  14762,  18762, 20762,  , 1286,  10286,19286,  23286, 25286",762,6762,10762,,14762,,18762,20762,,
"763, 6763,14763,20763",763,6763,,,14763,,,20763,,
"764, 6764,14764,20764",764,6764,,,14764,,,20764,,
"765, 6765,14765,20765",765,6765,,,14765,,,20765,,
"766, 6766,14766,20766",766,6766,,,14766,,,20766,,
"767, 6767, 10767,  14767,  18767, 20767",767,6767,10767,,14767,,18767,20767,,
"768, 6768, 10768,  14768,  18768, 20768",768,6768,10768,,14768,,18768,20768,,
"769, 6769, 10769,  14769,  18769, 20769",769,6769,10769,,14769,,18769,20769,,
"770, 6770,14770,20770",770,6770,,,14770,,,20770,,
"771, 6771,14771,20771",771,6771,,,14771,,,20771,,
"772, 6772,14772,20772",772,6772,,,14772,,,20772,,
"773, 6773,14773,20773",773,6773,,,14773,,,20773,,
"774, 6774,14774,20774",774,6774,,,14774,,,20774,,
"775, 6775,14775,  18775, 20775",775,6775,,,14775,,18775,20775,,
"776, 6776,14776,20776",776,6776,,,14776,,,20776,,
"777, 6777,14777,20777",777,6777,,,14777,,,20777,,
"778, 6778,14778,  18778, 20778",778,6778,,,14778,,18778,20778,,
"779, 6779,14779,  18779, 20779",779,6779,,,14779,,18779,20779,,
"780, 6780,14780,  18780, 20780",780,6780,,,14780,,18780,20780,,
"781, 6781, 10781,  14781,  18781, 20781",781,6781,10781,,14781,,18781,20781,,
"782, 6782, 10782,  14782,  18782, 20782",782,6782,10782,,14782,,18782,20782,,
"783, 6783, 10783,  14783,  18783, 20783",783,6783,10783,,14783,,18783,20783,,
"784, 6784, 10784,  14784,  18784, 20784",784,6784,10784,,14784,,18784,20784,,
"785, 6785, 10785,  14785,  18785, 20785",785,6785,10785,,14785,,18785,20785,,
"786, 6786, 10786,  14786,  18786, 20786",786,6786,10786,,14786,,18786,20786,,
"787, 6787, 10787,  14787,  18787, 20787",787,6787,10787,,14787,,18787,20787,,
"788, 6788,14788,  18788, 20788",788,6788,,,14788,,18788,20788,,
"789, 6789,14789,",789,6789,,,14789,,,,,
"790, 6790,14790,20790",790,6790,,,14790,,,20790,,
"31,  10031,20031",31,,10031,,,,,20031,,
"791,  10791,",791,,10791,,,,,,,
"Classic > Medicaments > Endodontic",792,,10792,,,,,,,
"Classic > Obturation > Paper Points",793,,10793,,,,,,,
"794,  10794",794,,10794,,,,,,,
"795,  10795",795,,10795,,,,,,,
"796",796,,,,,,,,,
"797",797,,,,,,,,,
"Classic > Medicaments > Hygiene",798,,,,,,,,,
"799,14031,20799",799,,,,14031,,,20799,,
"800,  20800",800,,,,,,,20800,,
"32,  10032, 12032, 14032, 16032, 18032, 20032, 22032, 24032",32,,10032,12032,14032,16032,18032,20032,22032,24032
"801,  10801, 12801,  16801, 18801, 20801, 22801, 24801",801,,10801,12801,,16801,18801,20801,22801,24801
"802,  10802, 12802,  16802, 18802, 20802, 22802, 24802",802,,10802,12802,,16802,18802,20802,22802,24802
"803,  10803, 12803,  16803, 18803, 20803, 22803, 24803",803,,10803,12803,,16803,18803,20803,22803,24803
"804,  10804, 12804, 14804, 16804, 18804, 20804, 22804, 24804",804,,10804,12804,14804,16804,18804,20804,22804,24804
"805,  10805,18805,  22805, 24805",805,,10805,,,,18805,,22805,24805
"806,  10806,18806,  22806, 24806",806,,10806,,,,18806,,22806,24806
"807,  10807,18807,  22807, 24807",807,,10807,,,,18807,,22807,24807
"808,  10808,18808,  22808, 24808",808,,10808,,,,18808,,22808,24808
"809,  10809,18809,  22809, 24809",809,,10809,,,,18809,,22809,24809
"810,  10810,18810,  22810, 24810",810,,10810,,,,18810,,22810,24810
"811,  10811,18811,  22811, 24811",811,,10811,,,,18811,,22811,24811
"812,  10812,18812,  22812, 24812",812,,10812,,,,18812,,22812,24812
"813,  10813,18813,  22813, 24813",813,,10813,,,,18813,,22813,24813
"814,  10814,18814,  22814, 24814",814,,10814,,,,18814,,22814,24814
"815,  10815,18815,  22815, 24815",815,,10815,,,,18815,,22815,24815
"816,  10816,  14816, 16816, 18816, 20816, 22816, 24816",816,,10816,,14816,16816,18816,20816,22816,24816
"817,  10817,18817,  22817, 24817",817,,10817,,,,18817,,22817,24817
"818,  10818,18818,  22818, 24818",818,,10818,,,,18818,,22818,24818
"819,  10819,18819,  22819, 24819",819,,10819,,,,18819,,22819,24819
"820,  10820,18820,  22820, 24820",820,,10820,,,,18820,,22820,24820
"821,  10821,18821,  22821, 24821",821,,10821,,,,18821,,22821,24821
"33,14033,  18033, 20033",33,,,,14033,,18033,20033,,
"822,14822,  18822, 20822",822,,,,14822,,18822,20822,,
"823,14823,  18823, 20823",823,,,,14823,,18823,20823,,
"824,14824,  18824, 20824",824,,,,14824,,18824,20824,,
"825,14825,  18825, 20825",825,,,,14825,,18825,20825,,
"826,14826,  18826, 20826",826,,,,14826,,18826,20826,,
"827,14827,  18827, 20827",827,,,,14827,,18827,20827,,
"828,14828,  18828, 20828",828,,,,14828,,18828,20828,,
"34, 76,14034, 16034, 18034,  22034, 24034",34,76,,,14034,16034,18034,,22034,24034
"829, 6829,14829, 16829, 18829,  22829, 24829",829,6829,,,14829,16829,18829,,22829,24829
"1291, 1291,15291, 17291, 19291,  23291, 25291",1291,1291,,,15291,17291,19291,,23291,25291
"1292, 1292,15292, 17292, 19292,  23292, 25292",1292,1292,,,15292,17292,19292,,23292,25292
"Classic > Handpieces > Lab Handpieces",1284,7284,,,15284,17284,19284,,23284,25284
"830, 6830,  22830, 24830",830,6830,,,,,,,22830,24830
"831, 6831,  22831, 24831",831,6831,,,,,,,22831,24831
"832, 6832,  22832, 24832",832,6832,,,,,,,22832,24832
"833, 6833,  22833, 24833",833,6833,,,,,,,22833,24833
"834, 6834,  22834, 24834",834,6834,,,,,,,22834,24834
"835, 6835,  22835, 24835",835,6835,,,,,,,22835,24835
"836, 6836,  22836, 24836",836,6836,,,,,,,22836,24836
"837, 6837,16837,22837, 24837",837,6837,,,,16837,,,22837,24837
"838, 6838,16838,22838, 24838",838,6838,,,,16838,,,22838,24838
"Classic > Polishing > Disks",839,6839,,,,16839,,,22839,24839
"Classic > Polishing > Wheels",840,6840,,,,16840,,,22840,24840
,,,,,,,,,,
"841, 6841,14841, 16841, 18841,  22841, 24841",841,6841,,,14841,16841,18841,,22841,24841
"842, 6842,14842, 16842, 18842,  22842, 24842",842,6842,,,14842,16842,18842,,22842,24842
"843, 6843,  22843, 24843",843,6843,,,,,,,22843,24843
"844, 6844,  22844, 24844",844,6844,,,,,,,22844,24844
"845, 6845,  22845, 24845",845,6845,,,,,,,22845,24845
"846, 6846,  22846, 24846",846,6846,,,,,,,22846,24846
"847, 6847,  22847, 24847",847,6847,,,,,,,22847,24847
"848, 6848,14848, 16848, 18848,  22848, 24848",848,6848,,,14848,16848,18848,,22848,24848
"849, 6849,  22849, 24849",849,6849,,,,,,,22849,24849
"850, 6850,14850, 16850, 18850,  22850, 24850",850,6850,,,14850,16850,18850,,22850,24850
"851, 6851,14851, 16851, 18851,  22851, 24851",851,6851,,,14851,16851,18851,,22851,24851
"35,  10035,18035,  22035, 24035",35,,10035,,,,18035,,22035,24035
"852,  10852,18852,  22852, 24852",852,,10852,,,,18852,,22852,24852
"Classic > Instruments > Surgical Instruments > Hemostats > Curved",1285,,10285,,,,19285,,23285,25285
"Classic > Instruments > Surgical Instruments > Hemostats > Straight",1286,,10286,,,,19286,,23286,25286
"853,22853, 24853",853,,,,,,,,22853,24853
"854,22854, 24854",854,,,,,,,,22854,24854
"855,22855, 24855",855,,,,,,,,22855,24855
"856,18856,  22856, 24856",856,,,,,,18856,,22856,24856
"857,  10857,18857,  22857, 24857",857,,10857,,,,18857,,22857,24857
"858,  10858,18858,  22858, 24858",858,,10858,,,,18858,,22858,24858
"859,  10859,18859,  22859, 24859",859,,10859,,,,18859,,22859,24859
"860,  10860,18860,  22860, 24860",860,,10860,,,,18860,,22860,24860
"861,  10861,18861,  22861, 24861",861,,10861,,,,18861,,22861,24861
"862,  10862,18862,  22862, 24862",862,,10862,,,,18862,,22862,24862
"863,  10863,18863,  22863, 24863",863,,10863,,,,18863,,22863,24863
"864,  10864,18864,  22864, 24864",864,,10864,,,,18864,,22864,24864
"865,  10865,18865,  22865, 24865",865,,10865,,,,18865,,22865,24865
"866,  10866,18866,  22866, 24866",866,,10866,,,,18866,,22866,24866
"867,  10867,18867,  22867, 24867",867,,10867,,,,18867,,22867,24867
"868,  10868,18868,  22868, 24868",868,,10868,,,,18868,,22868,24868
"36",36,,,,,,,,,
"869,  10036,18036,  792,  10792,",869,,10036,,,,18036,,,
"870,12036,  798, ",870,,,12036,,,,,,
"871,14036,20036",871,,,,14036,,,20036,,
"37,  10037,  14037,20037",37,,10037,,14037,,,20037,,
"872,  10872,  14872,20872",872,,10872,,14872,,,20872,,
"38,  10038,  14038, 16038,22038, 24038",38,,10038,,14038,16038,,,22038,24038
"873,14873, 16873, 18873,  22873, 24873",873,,,,14873,16873,18873,,22873,24873
"874,14874,  18874,  22874, 24874, 1291, 1291,15291, 17291, 19291,  23291, 25291",874,,,,14874,,18874,,22874,24874
"875,14875, 16875, 18875,  22875, 24875, 1292, 1292,15292, 17292, 19292,  23292, 25292",875,,,,14875,16875,18875,,22875,24875
"876,  10876,  14876, 16876,22876, 24876, 213,16213, 18213,  22213, 24213",876,,10876,,14876,16876,,,22876,24876
"877,  10877,  14877,22877, 24877, 1269,17269, 19269,  23269, 25269",877,,10877,,14877,,,,22877,24877
"878,  10878,  14878,22878, 24878, 1270,17270, 19270,  23270, 25270",878,,10878,,14878,,,,22878,24878
"879,  10879,  14879,22879, 24879",879,,10879,,14879,,,,22879,24879
"880,  10880,  14880,22880, 24880",880,,10880,,14880,,,,22880,24880
"881,  10881,  14881,22881, 24881",881,,10881,,14881,,,,22881,24881
"882,  10882,  14882,  18882,  22882, 24882",882,,10882,,14882,,18882,,22882,24882
"883,  10883,18883,  22883, 24883, 219,16219, 18219,  22219, 24219, 1086,13086,,  ",883,,10883,,,,18883,,22883,24883
"884,18884,  22884, 24884",884,,,,,,18884,,22884,24884
"885,  10885,  14885,  18885,  22885, 24885",885,,10885,,14885,,18885,,22885,24885
"886,  10886,  14886,  18886,  22886, 24886",886,,10886,,14886,,18886,,22886,24886
"887,22887, 24887",887,,,,,,,,22887,24887
"888,22888,",888,,,,,,,,22888,
"889,22889, 24889",889,,,,,,,,22889,24889
"890,22890, 24890",890,,,,,,,,22890,24890
"891,  10891,  14891, 16891,22891, 24891",891,,10891,,14891,16891,,,22891,24891
"892,  10892,  14892, 16892,22892, 24892",892,,10892,,14892,16892,,,22892,24892
"893,  10893,  14893, 16893,22893, 24893",893,,10893,,14893,16893,,,22893,24893
"894,  10894,  14894, 16894,22894, 24894",894,,10894,,14894,16894,,,22894,24894
"895,  10895,  14895, 16895,22895, 24895",895,,10895,,14895,16895,,,22895,24895
"896,  10896,  14896, 16896,22896, 24896",896,,10896,,14896,16896,,,22896,24896
"897,  10897,  14897, 16897,22897, 24897",897,,10897,,14897,16897,,,22897,24897
"898,  10898,  14898, 16898,22898, 24898",898,,10898,,14898,16898,,,22898,24898
"899,  10899,  14899, 16899,22899, 24899",899,,10899,,14899,16899,,,22899,24899
"900,  10900,  14900, 16900,22900, 24900",900,,10900,,14900,16900,,,22900,24900
"901,  10901,22901, 24901, 212,16212, 18212,  22212, 24212",901,,10901,,,,,,22901,24901
"902,  10902,18902,  22902, 24902, 207,16207, 18207,  22207, 24207",902,,10902,,,,18902,,22902,24902
"903,  10903,18903,  22903, 24903, 1280,17280, 19280,  23280, 25280",903,,10903,,,,18903,,22903,24903
"904,  10904,18904,  22904, 24904, 1281,17281, 19281,  23281, 25281",904,,10904,,,,18904,,22904,24904
"905,  10905,18905,  22905, 24905, 1282,17282, 19282,  23282, 25282",905,,10905,,,,18905,,22905,24905
"906,  10906,18906,  22906, 24906, 1087,13087,, 226,18226,  22226, 24226,  ",906,,10906,,,,18906,,22906,24906
"39, 77",39,77,,,,,,,,
"907, 6907",907,6907,,,,,,,,
"908, 6908",908,6908,,,,,,,,
"909, 6909",909,6909,,,,,,,,
"910, 6910",910,6910,,,,,,,,
"911, 6911",911,6911,,,,,,,,
"912, 6912",912,6912,,,,,,,,
"40,  10040,",40,,10040,,,,,,,
"913,  10913,",913,,10913,,,,,,,
"914,  10914,",914,,10914,,,,,,,
"915,  10915,22915,  793,  10793,",915,,10915,,,,,,22915,
"916,  10916,",916,,10916,,,,,,,
"917,  10917,",917,,10917,,,,,,,
"918,  10918,",918,,10918,,,,,,,
"41, 78",41,78,,,,,,,,
"42, 79",42,79,,,,,,,,
"919, 6919",919,6919,,,,,,,,
"920, 6920",920,6920,,,,,,,,
"921, 6921",921,6921,,,,,,,,
"922, 6922",922,6922,,,,,,,,
"923, 6923",923,6923,,,,,,,,
"924, 6924",924,6924,,,,,,,,
"Classic > Disposables > Evacuation > Traps",925,6925,,,,,,,,
"926, 6926",926,6926,,,,,,,,
"927, 6927",927,6927,,,,,,,,
"43, 81",43,81,,,,,,,,
"928, 6928",928,6928,,,,,,,,
"929, 6929",929,6929,,,,,,,,
"930, 6930",930,6930,,,,,,,,
"931, 6931",931,6931,,,,,,,,
"932, 6932",932,6932,,,,,,,,
"933, 6933",933,6933,,,,,,,,
"934, 6934",934,6934,,,,,,,,
"935, 6935",935,6935,,,,,,,,
"936, 6936",936,6936,,,,,,,,
"937, 6937",937,6937,,,,,,,,
"938, 6938",938,6938,,,,,,,,
"939, 6939",939,6939,,,,,,,,
"940, 6940",940,6940,,,,,,,,
"941, 6941",941,6941,,,,,,,,
"942, 6942",942,6942,,,,,,,,
"943, 6943",943,6943,,,,,,,,
"944, 6944",944,6944,,,,,,,,
"945, 6945",945,6945,,,,,,,,
"946, 6946",946,6946,,,,,,,,
"947, 6947",947,6947,,,,,,,,
"948, 6948",948,6948,,,,,,,,
"949, 6949",949,6949,,,,,,,,
"950, 6950",950,6950,,,,,,,,
"951, 6951",951,6951,,,,,,,,
"44,16044,  ",44,,,,,16044,,,,
"952,16952,  ",952,,,,,16952,,,,
"953,16953,  ",953,,,,,16953,,,,
"954,16954,  ",954,,,,,16954,,,,
"955,16955,  ",955,,,,,16955,,,,
"1630, 17630",1630,,,,,17630,,,,
"1631, 17631",1631,,,,,17631,,,,
"1632, 17632",1632,,,,,17632,,,,
"1633, 17633",1633,,,,,17633,,,,
"1634, 17634",1634,,,,,17634,,,,
"1635, 17635",1635,,,,,17635,,,,
"1636, 17636",1636,,,,,17636,,,,
"1637, 17637",1637,,,,,17637,,,,
"1638, 17638",1638,,,,,17638,,,,
"1639, 17639",1639,,,,,17639,,,,
"1640, 17640",1640,,,,,17640,,,,
"1641, 17641",1641,,,,,17641,,,,
"1642, 17642",1642,,,,,17642,,,,
"1643, 17643",1643,,,,,17643,,,,
"1644, 17644",1644,,,,,17644,,,,
"1645, 17645",1645,,,,,17645,,,,
"1646, 17646",1646,,,,,17646,,,,
"956,16956,  ",956,,,,,16956,,,,
"957,16957,  ",957,,,,,16957,,,,
"958,16958,  ",958,,,,,16958,,,,
"959,16959,  ",959,,,,,16959,,,,
"960,16960,  ",960,,,,,16960,,,,
"961,16961,  ",961,,,,,16961,,,,
"962,16962,  ",962,,,,,16962,,,,
"963,16963,  ",963,,,,,16963,,,,
"964,16964,  ",964,,,,,16964,,,,
"1647, 17647",1647,,,,,17647,,,,
"1648, 17648",1648,,,,,17648,,,,
"1649, 17649",1649,,,,,17649,,,,
"1650, 17650",1650,,,,,17650,,,,
"1651, 17651",1651,,,,,17651,,,,
"1652, 17652",1652,,,,,17652,,,,
"1653, 17653",1653,,,,,17653,,,,
"45,  10045,  14045,",45,,10045,,14045,,,,,
"46,  10046, 12046,  16046, 18046,  22046, 24046",46,,10046,12046,,16046,18046,,22046,24046
"47,12047, 14047, 16047, 18047, 20047, 22047, 24047",47,,,12047,14047,16047,18047,20047,22047,24047
"965,12965,18965, 20965, 22965, 24965",965,,,12965,,,18965,20965,22965,24965
"966,12966, 14966, 16966,  20966, 22966, 24966",966,,,12966,14966,16966,,20966,22966,24966
"967,12967,  16967,  20967, 22967, 24967",967,,,12967,,16967,,20967,22967,24967
"968,14968,",968,,,,14968,,,,,
"969,12969, 14969,22969, 24969",969,,,12969,14969,,,,22969,24969
"970,12970, 14970,22970, 24970",970,,,12970,14970,,,,22970,24970
"971,12971, 14971,22971, 24971",971,,,12971,14971,,,,22971,24971
"972,12972,  16972,  20972, 22972, 24972",972,,,12972,,16972,,20972,22972,24972
"973,12973, 14973,n",973,,,12973,14973,,,,,
"974,12974,20974, 22974, 24974",974,,,12974,,,,20974,22974,24974
"975,12975,  16975,22975, 24975",975,,,12975,,16975,,,22975,24975
"976,12976,  16976,  ",976,,,12976,,16976,,,,
"977,12977,18977, ",977,,,12977,,,18977,,,
"978,12978,  16978,  20978, 22978, 24978",978,,,12978,,16978,,20978,22978,24978
"979,12979,18979, ",979,,,12979,,,18979,,,
"980,12980,  16980,  ",980,,,12980,,16980,,,,
"981,12981,22981, 24981",981,,,12981,,,,,22981,24981
"48,18048, ",48,,,,,,18048,,,
"982,18982, ",982,,,,,,18982,,,
"Classic > Instruments > Pediatric Instruments > Crimpers",983,,,,,,18983,,,
"984,18984, ",984,,,,,,18984,,,
"Classic > Instruments > Orthodontic Instruments > Band Pushers",985,,,,,,18985,,,
"Classic > Instruments > Pediatric Instruments > SSC Pliers",986,,,,,,18986,,,
"Classic > Instruments > Pediatric Instruments > SSC Scissors",987,,,,,,18987,,,
"988,18988, ",988,,,,,,18988,,,
"989,18989, ",989,,,,,,18989,,,
"990,18990, ",990,,,,,,18990,,,
"991,18991, ",991,,,,,,18991,,,
"992,18992, ",992,,,,,,18992,,,
"993,18993, ",993,,,,,,18993,,,
"994,18994, ",994,,,,,,18994,,,
"49, 85",49,85,,,,,,,,
"995, 6995",995,6995,,,,,,,,
"996, 6996",996,6996,,,,,,,,
"997, 6997",997,6997,,,,,,,,
"998, 6998",998,6998,,,,,,,,
"50,12050,  16050, 18050,  22050, 24050",50,,,12050,,16050,18050,,22050,24050
"999,12999,  16999,22999, 24999",999,,,12999,,16999,,,22999,24999
"1000,13000,  17000,23000, 25000",1000,,,13000,,17000,,,23000,25000
"1001,13001,  17001, 19001,  23001, 25001",1001,,,13001,,17001,19001,,23001,25001
"1002,17002, 19002,  23002, 25002",1002,,,,,17002,19002,,23002,25002
"1003,17003, 19003,  23003, 25003, 839, 6839,16839,22839, 24839",1003,,,,,17003,19003,,23003,25003
"1004,13004,  17004, 19004,  23004, 25004",1004,,,13004,,17004,19004,,23004,25004
"1005,17005, 19005,  23005, 25005",1005,,,,,17005,19005,,23005,25005
"1006,17006, 19006,  23006, 25006",1006,,,,,17006,19006,,23006,25006
"1007,17007, 19007,  23007, 25007, 840, 6840,16840,22840, 24840",1007,,,,,17007,19007,,23007,25007
"51,  10051,22051, 24051",51,,10051,,,,,,22051,24051
"1008,  11008,23008, 25008",1008,,11008,,,,,,23008,25008
"1009,  11009,23009, 25009",1009,,11009,,,,,,23009,25009
"1010,  11010,23010, 25010",1010,,11010,,,,,,23010,25010
"1011,  11011,23011, 25011",1011,,11011,,,,,,23011,25011
"1012,  11012,  ,23012, 25012",1012,,11012," ",,,,,23012,25012
"1013,  11013,  ,23013, 25013",1013,,11013," ",,,,,23013,25013
"1014,  11014,  ,23014, 25014",1014,,11014," ",,,,,23014,25014
"1654, 11654, 23654, 25654",1654,,11654,,,,,,23654,25654
"1655, 11655, 23655, 25655",1655,,11655,,,,,,23655,25655
"1656, 11656, 23656, 25656",1656,,11656,,,,,,23656,25656
"1657, 11657, 23657, 25657",1657,,11657,,,,,,23657,25657
"1658, 11658, 23658, 25658",1658,,11658,,,,,,23658,25658
"1015,  11015,  ,23015, 25015",1015,,11015," ",,,,,23015,25015
"52,12052,  16052, 18052, 20052",52,,,12052,,16052,18052,20052,,
"1016,13016,  17016, 19016, 21016",1016,,,13016,,17016,19016,21016,,
"1017,13017,  17017, 19017, 21017",1017,,,13017,,17017,19017,21017,,
"1018,13018,  17018, 19018, 21018",1018,,,13018,,17018,19018,21018,,
"1019,13019,  17019, 19019, 21019",1019,,,13019,,17019,19019,21019,,
"1020,13020,  17020, 19020, 21020",1020,,,13020,,17020,19020,21020,,
"1021,13021,  17021, 19021, 21021",1021,,,13021,,17021,19021,21021,,
"1022,13022,  17022, 19022, 21022",1022,,,13022,,17022,19022,21022,,
"1023,13023,  17023, 19023, 21023",1023,,,13023,,17023,19023,21023,,
"1024,13024,  17024, 19024, 21024",1024,,,13024,,17024,19024,21024,,
"1025,13025,  17025, 19025, 21025",1025,,,13025,,17025,19025,21025,,
"1026,13026,  17026, 19026, 21026",1026,,,13026,,17026,19026,21026,,
"1027,13027,  17027, 19027, 21027",1027,,,13027,,17027,19027,21027,,
"1028,13028,  17028, 19028, 21028",1028,,,13028,,17028,19028,21028,,
"1029,13029,  17029, 19029, 21029",1029,,,13029,,17029,19029,21029,,
"1030,13030,  17030, 19030, 21030",1030,,,13030,,17030,19030,21030,,
"1031,13031,  17031, 19031, 21031",1031,,,13031,,17031,19031,21031,,
"1032,13032,  17032, 19032, 21032",1032,,,13032,,17032,19032,21032,,
"1033,13033,  17033, 19033, 21033",1033,,,13033,,17033,19033,21033,,
"1034,13034,  17034, 19034, 21034",1034,,,13034,,17034,19034,21034,,
"1035,13035,  17035, 19035, 21035",1035,,,13035,,17035,19035,21035,,
"1036,13036,  17036, 19036, 21036",1036,,,13036,,17036,19036,21036,,
"1037,13037,  17037, 19037, 21037",1037,,,13037,,17037,19037,21037,,
"1038,13038,  17038, 19038, 21038",1038,,,13038,,17038,19038,21038,,
"1039,13039,  17039, 19039, 21039",1039,,,13039,,17039,19039,21039,,
"1040,13040,  17040, 19040, 21040",1040,,,13040,,17040,19040,21040,,
"1041,13041,  17041, 19041, 21041",1041,,,13041,,17041,19041,21041,,
"1042,13042,  17042, 19042, 21042",1042,,,13042,,17042,19042,21042,,
"Classic > Handpieces > Prophy",1043,,,13043,,17043,19043,21043,,
"1044,13044,  17044, 19044, 21044",1044,,,13044,,17044,19044,21044,,
"1045,13045,  17045, 19045, 21045",1045,,,13045,,17045,19045,21045,,
"1046,13046,  17046, 19046, 21046",1046,,,13046,,17046,19046,21046,,
"1047,13047,  17047, 19047, 21047",1047,,,13047,,17047,19047,21047,,
"1048,13048,  17048, 19048, 21048",1048,,,13048,,17048,19048,21048,,
"1049,13049,  17049, 19049, 21049",1049,,,13049,,17049,19049,21049,,
"1050,13050,  17050, 19050, 21050",1050,,,13050,,17050,19050,21050,,
"1051,13051,  17051, 19051, 21051",1051,,,13051,,17051,19051,21051,,
"1052,13052,  17052, 19052, 21052",1052,,,13052,,17052,19052,21052,,
"1053,13053,  17053, 19053, 21053",1053,,,13053,,17053,19053,21053,,
"1054,13054,  17054, 19054, 21054",1054,,,13054,,17054,19054,21054,,
"1055,13055,  17055, 19055, 21055",1055,,,13055,,17055,19055,21055,,
"1056,13056,  17056, 19056, 21056",1056,,,13056,,17056,19056,21056,,
"1057,13057,  17057, 19057, 21057",1057,,,13057,,17057,19057,21057,,
"1058,13058,  17058, 19058, 21058",1058,,,13058,,17058,19058,21058,,
"1059,13059,  17059, 19059, 21059",1059,,,13059,,17059,19059,21059,,
"1060,13060,  17060, 19060, 21060",1060,,,13060,,17060,19060,21060,,
"1061,13061,  17061, 19061, 21061",1061,,,13061,,17061,19061,21061,,
"1062,13062,  17062, 19062, 21062",1062,,,13062,,17062,19062,21062,,
"1063,13063,  17063, 19063, 21063",1063,,,13063,,17063,19063,21063,,
"1064,13064,  17064, 19064, 21064",1064,,,13064,,17064,19064,21064,,
"53, 88,  12053,20053, 22053, 24053",53,88,,12053,,,,20053,22053,24053
"1065, 7065,  13065,21065, 23065, 25065",1065,7065,,13065,,,,21065,23065,25065
"1066, 7066,  13066,21066, 23066, 25066",1066,7066,,13066,,,,21066,23066,25066
"1067, 7067,  13067,21067, 23067, 25067",1067,7067,,13067,,,,21067,23067,25067
"1068, 7068,  13068,21068, 23068, 25068",1068,7068,,13068,,,,21068,23068,25068
"1069, 7069,  13069,21069, 23069, 25069",1069,7069,,13069,,,,21069,23069,25069
"1070, 7070,  13070,21070, 23070, 25070, 1255, 7658",1070,7070,,13070,,,,21070,23070,25070
"54,  10054,22054, 24054",54,,10054,,,,,,22054,24054
"1071,  11071,23071, 25071",1071,,11071,,,,,,23071,25071
"1072,  11072,23072, 25072",1072,,11072,,,,,,23072,25072
"1073,  11073,23073, 25073",1073,,11073,,,,,,23073,25073
"Classic > Instruments > Restorative Instruments > Cord Packers",1074,,11074,,,,,,23074,25074
"Classic > Instruments > Restorative Instruments > Cord Packers > Non-Serrated",1075,,11075,,,,,,23075,25075
"Classic > Instruments > Restorative Instruments > Cord Packers > Serrated",1076,,11076,,,,,,23076,25076
"1077,  11077,23077, 25077",1077,,11077,,,,,,23077,25077
"1078,  11078,23078, 25078",1078,,11078,,,,,,23078,25078
"1079,  11079,23079, 25079",1079,,11079,,,,,,23079,25079
"1080,  11080,23080, 25080",1080,,11080,,,,,,23080,25080
"1081,  11081,21081",1081,,11081,,,,,21081,,
"55,12055",55,,,12055,,,,,,
"Classic > Composites > Bonding Agent",1082,,,13082,,,,,,
"Classic > Composites > Bonding Agent> Adhesive",1277,,,13277,,,,,,
"Classic > Composites > Bonding Agent > KITS",1278,,,13278,,,,,,
"Classic > Composites > Bonding Agent> Self-Etch",1279,,,13279,,,,,,
"Classic > Composites > Etchant",1083,,,13083,,,,,,
"Classic > Brushes > Micro Brushes",1084,,,13084,,,,,,
"Classic > Brushes > Micro Brushes > Assorted",1271,,,13271,,,,,,
"Classic > Brushes > Micro Brushes > Fine",1272,,,13272,,,,,,
"Classic > Brushes > Micro Brushes > Standard",1276,,,13276,,,,,,
"Classic > Brushes > Micro Brushes > Super Fine",1674,,,13280,,,,,,
"Classic > Composites > Sealant",1085,,,13085,,,,,,
"Classic > Mixing > Mixing Wells",1086,,,13086,,,,,,
"Classic > Mixing > Tips > Syringe > Sealant-22 gauge (Gray)",1087,,,13087,,,,,,
"Classic > Infection Control > Sharps/ Hazardous Waste",56,,,,,,,,,
"57, 89, 10057, 12057, 14057, 16057, 18057, 20057, 22057, 24057",57,89,10057,12057,14057,16057,18057,20057,22057,24057
"1088, 7088,  13088,  17088,23088, 25088",1088,7088,,13088,,17088,,,23088,25088
"1089, 7089,  13089,  17089,23089, 25089",1089,7089,,13089,,17089,,,23089,25089
"1090, 7090,  13090,  17090,23090, 25090",1090,7090,,13090,,17090,,,23090,25090
"1091, 7091,  13091,  17091,23091, 25091",1091,7091,,13091,,17091,,,23091,25091
"1092, 7092,  13092,  17092,23092, 25092",1092,7092,,13092,,17092,,,23092,25092
"1093, 7093, 11093,23093, 25093",1093,7093,11093,,,,,,23093,25093
"1094, 7094,15094, 17094, 19094,  23094, 25094",1094,7094,,,15094,17094,19094,,23094,25094
"1095, 7095,15095, 17095, 19095,  23095, 25095",1095,7095,,,15095,17095,19095,,23095,25095
"1096, 7096,15096, 17096,23096, 25096",1096,7096,,,15096,17096,,,23096,25096
"1099, 7099,17099,23099, 25099",1099,7099,,,,17099,,,23099,25099
"1100, 7100, 11100,17100,23100, 25100",1100,7100,11100,,,17100,,,23100,25100
"1101, 7101, 11101,17101,23101, 25101",1101,7101,11101,,,17101,,,23101,25101
"1102, 7102, 11102,17102,23102, 25102",1102,7102,11102,,,17102,,,23102,25102
"1103, 7103, 11103,17103,23103, 25103",1103,7103,11103,,,17103,,,23103,25103
"1104, 7104, 11104,17104,23104, 25104",1104,7104,11104,,,17104,,,23104,25104
"1105, 7105, 11105,17105,23105, 25105",1105,7105,11105,,,17105,,,23105,25105
"1106, 7106, 11106,17106,23106, 25106",1106,7106,11106,,,17106,,,23106,25106
"1107, 7107, 11107,17107,23107, 25107",1107,7107,11107,,,17107,,,23107,25107
"1108, 7108",1108,7108,,,,,,,,
"1109, 7109, 11109,",1109,7109,11109,,,,,,,
"1110, 7110, 11110,",1110,7110,11110,,,,,,,
"1111, 7111, 11111, 431, 6431, 10431,",1111,7111,11111,,,,,,,
"1112, 7112, 11112, 434, 6434, 10434,",1112,7112,11112,,,,,,,
"1113, 7113, 11113, 435, 6435, 10435,",1113,7113,11113,,,,,,,
"1114, 7114, 11114,",1114,7114,11114,,,,,,,
"1115, 7115, 11115, 437, 6437, 10437,",1115,7115,11115,,,,,,,
"1116, 7116, 11116, 439, 6439, 10439,",1116,7116,11116,,,,,,,
"1117, 7117, 11117, 440, 6440, 10440,",1117,7117,11117,,,,,,,
"1118, 7118, 11118,",1118,7118,11118,,,,,,,
"Classic > Handpieces > Lubrication",1119,7119,11119,,15119,,19119,,23119,25119
"1120, 7120,, 23120, 25120",1120,7120,,,,,,,23120,25120
"1121, 7121",1121,7121,,,,,,,,
"1122, 7122,  13122,21122",1122,7122,,13122,,,,21122,,
"1123, 7123,13123,21123,572, 6572,12572,20572",1123,7123,,13123,,,,21123,,
"1124, 7124,13124,21124,575, 6575,12575,20575",1124,7124,,13124,,,,21124,,
"1125, 7125,13125,21125,576, 6576,12576,20576",1125,7125,,13125,,,,21125,,
"1126, 7126,13126,21126,577, 6577,12577,20577",1126,7126,,13126,,,,21126,,
"1127, 7127,13127,21127,579, 6579,12579,20579",1127,7127,,13127,,,,21127,,
"1128, 7128,13128,21128,580, 6580,12580,20580",1128,7128,,13128,,,,21128,,
"Classic > Handpieces > Lab Handpieces",1129,7129,11129,,15129,17129,19129,21129,23129,25129
"1130, 7130,  13130, 15130,21130, 23130, 25130",1130,7130,,13130,15130,,,21130,23130,25130
"1131, 7131,15131, 17131,23131, 25131",1131,7131,,,15131,17131,,,23131,25131
"1132, 7132,17132,23132, 25132",1132,7132,,,,17132,,,23132,25132
"1133, 7133,15133, 17133, 19133,  23133, 25133",1133,7133,,,15133,17133,19133,,23133,25133
"1134, 7134,, 23134, 25134",1134,7134,,,,,,,23134,25134
"1135, 7135, 11135,  15135,",1135,7135,11135,,15135,,,,,
"1136, 7136, 11136,  15136,",1136,7136,11136,,15136,,,,,
"1137, 7137, 11137,  15137,  191137, 21137",1137,7137,11137,,15137,,19137,21137,,
"1138, 7138,15138,23138, 25138",1138,7138,,,15138,,,,23138,25138
"1139, 7139,17139,23139, 25139",1139,7139,,,,17139,,,23139,25139
"1140, 7140,15140, 17140, 19140,  23140, 25140",1140,7140,,,15140,17140,19140,,23140,25140
"1141, 7141,15141, 17141, 19141,  23141, 25141",1141,7141,,,15141,17141,19141,,23141,25141
"1295, 7295,15295, 17295, 19295,  23295, 25295",1295,7295,,,15295,17295,19295,,23295,25295
"58, 6002,20058,  24058",58,6002,,,,,,,,
"1142, 7142",1142,7142,,,,,,,,
"1143, 7143, 11143, 13143, 15143, 17143, 19143, 21143, 23143, 25143",1143,7143,11143,13143,15143,17143,19143,21143,23143,25143
"1144, 7144, 11144, 13144, 15144, 17144, 19144, 21144, 23144, 25144",1144,7144,11144,13144,15144,17144,19144,21144,23144,25144
"1145, 7145, 11145, 13145, 15145, 17145, 19145, 21145, 23145, 25145",1145,7145,11145,13145,15145,17145,19145,21145,23145,25145
"1146, 7146, 11146, 13146, 15146, 17146, 19146, 21146, 23146, 25146",1146,7146,11146,13146,15146,17146,19146,21146,23146,25146
"1147, 7147,15147,  19147, 21147",1147,7147,,,15147,,19147,21147,,
"1148, 7148,17148,  ",1148,7148,,,,17148,,,,
"1149, 7149, 11149, 13149,  17149, 19149, 21149, 23149, 25149",1149,7149,11149,13149,,17149,19149,21149,23149,25149
"1150, 7150,19150, 21150",1150,7150,,,,,19150,,,
"1151, 7151,  13151,21151, 23151,",1151,7151,,13151,,,,21151,23151,
,1152,7152,11152,13152,,,,21152,,
"1153, 7153, 11153, 13153, 15153, 17153, 19153, 21153, 23153, 25153",1153,7153,11153,13153,15153,17153,19153,21153,23153,25153
"1154, 7154,19154,  23154, 25154",1154,7154,,,,,19154,,23154,25154
"1155, 7155, 11155, 13155, 15155, 17155,  21155, 23155, 25155",1155,7155,11155,13155,15155,17155,,21155,23155,25155
"1156, 7156",1156,7156,,,,,,,,
"1157, 7157",1157,7157,,,,,,,,
"1158, 7158",1158,7158,,,,,,,,
"1159, 7159",1159,7159,,,,,,,,
"1160, 7160",1160,7160,,,,,,,,
"1161, 7161",1161,7161,,,,,,,,
"1162, 7162",1162,7162,,,,,,,,
"1163, 7163",1163,7163,,,,,,,,
"1164, 7164, 1164, 7164 ",1164,7164,,,,,,,,
"1165, 7165",1165,7165,,,,,,,,
"1166, 7166",1166,7166,,,,,,,,
"1167, 7167",1167,7167,,,,,,,,
"1168, 7168",1168,7168,,,,,,,,
"1169, 7169",1169,7169,,,,,,,,
"1170, 7170",1170,7170,,,,,,,,
"59,  10059,  14059,  18059, 20059",59,,10059,,14059,,18059,20059,,
"1171,  11171,  15171,  19171, 21171",1171,,11171,,15171,,19171,21171,,
"1172,  11172,  15172,  19172, 21172",1172,,11172,,15172,,19172,21172,,
"1173,  11173,  15173,  19173, 21173",1173,,11173,,15173,,19173,21173,,
"1174,  11174,  15174,  19174, 21174",1174,,11174,,15174,,19174,21174,,
"1175,  11175,  15175,  19175, 21175",1175,,11175,,15175,,19175,21175,,
"1176,  11176,  15176,  19176, 21176",1176,,11176,,15176,,19176,21176,,
"1177,  11177,  15177,  19177, 21177",1177,,11177,,15177,,19177,21177,,
"1178,  11178,  15178,  19178, 21178",1178,,11178,,15178,,19178,21178,,
"1179,  11179,  15179,  19179, 21179",1179,,11179,,15179,,19179,21179,,
"60,  10060,22060, 24060",60,,10060,,,,,,22060,24060
"1180,  11180,23180, 25180",1180,,11180,,,,,,23180,25180
"Classic > Acrylics > Crown and Bridge Acrylics > Automix Syringe",1181,,11181,,,,,,23181,25181
"Classic > Acrylics > Crown and Bridge Acrylics > Cartridge",1182,,11182,,,,,,23182,25182
"Classic > Acrylics > Crown and Bridge Acrylics > Flowable",1183,,11183,,,,,,23183,25183
"Classic > Acrylics > Crown and Bridge Acrylics > Glaze",1184,,,,,,,,23184,25184
"1185,23185, 25185",1185,,,,,,,,23185,25185
"Classic > Acrylics > Crown and Bridge Acrylics > Powder/Liquid Kit",1186,,11186,,,,,,23186,25186
"Classic > Acrylics > Crown and Bridge Acrylics > Powder Refill",1274,,,,,,,,23274,25274
"Classic > Acrylics > Crown and Bridge Acrylics > Liquid Refill",1275,,,,,,,,23275,25275
"1187,  11187,23187, 25187",1187,,11187,,,,,,23187,25187
"1188,  11188,23188, 25188",1188,,11188,,,,,,23188,25188
"Classic > Cements > Temporary",1189,,11189,,,,,,23189,25189
"Classic > Cements > Temporary > NE",1190,,11190,,,,,,23190,25190
"Classic > Cements > Temporary > Resin",1191,,11191,,,,,,23191,25191
"Classic > Cements > Temporary > ZOE",1192,,11192,,,,,,23192,25192
"1193,11193,19193,23193,25193",1193,,11193,,,,19193,,23193,25193
"61,14061, 16061,22061, 24061",61,,,,14061,16061,,,22061,24061
"1194,17194,23194, 25194",1194,,,,,17194,,,23194,25194
"1195,17195,23195, 25195",1195,,,,,17195,,,23195,25195
"1196,15196, 17196,23196, 25196",1196,,,,15196,17196,,,23196,25196
"1197,15197, 17197,23197, 25197",1197,,,,15197,17197,,,23197,25197
"1198,17198,23198, 25198",1198,,,,,17198,,,23198,25198
"62,14092, 16062, 18062,  22062, 24062",62,,,,14092,16062,18062,,22062,24062
"1199,15199, 17199, 19199,  23199, 25199",1199,,,,15199,17199,19199,,23199,25199
"1200,15200, 17200, 19200,  23200, 25200",1200,,,,15200,17200,19200,,23200,25200
"1201,23201, 25201",1201,,,,,,,,23201,25201
"1202,15202, 17202,23202, 25202",1202,,,,15202,17202,,,23202,25202
"1203,23203, 25203",1203,,,,,,,,23203,25203
"1204,23204, 25204",1204,,,,,,,,23204,25204
"1205,23205, 25205",1205,,,,,,,,23205,25205
"1206,23206, 25206",1206,,,,,,,,23206,25206
"1207,23207, 25207",1207,,,,,,,,23207,25207
"1208,23208, 25208",1208,,,,,,,,23208,25208
"1209,23209, 25209",1209,,,,,,,,23209,25209
"1210,23210, 25210",1210,,,,,,,,23210,25210
"1211,23211, 25211",1211,,,,,,,,23211,25211
"1212,23212, 25212",1212,,,,,,,,23212,25212
"1213,23213, 25213",1213,,,,,,,,23213,25213
"1214,23214, 25214",1214,,,,,,,,23214,25214
"1215,23215, 25215",1215,,,,,,,,23215,25215
"1216,15216, 17216, 19216,  23216, 25216",1216,,,,15216,17216,19216,,23216,25216
"1217,15217, 17217, 19217,  23217, 25217",1217,,,,15217,17217,19217,,23217,25217
"1218,15218, 17218, 19218,  23218, 25218",1218,,,,15218,17218,19218,,23218,25218
"1219,15219, 17219, 19219,  23219, 25219",1219,,,,15219,17219,19219,,23219,25219
"1220,15220, 17220, 19220,  23220, 25220",1220,,,,15220,17220,19220,,23220,25220
"1221,15221, 17221, 19221,  23221, 25221",1221,,,,15221,17221,19221,,23221,25221
"1222,15222, 17222, 19222,  23222, 25222",1222,,,,15222,17222,19222,,23222,25222
"1223,15223, 17223, 19223,  23223, 25223",1223,,,,15223,17223,19223,,23223,25223
"1224,15224, 17224, 19224,  23224, 25224",1224,,,,15224,17224,19224,,23224,25224
"1225,15225, 17225, 19225,  23225, 25225",1225,,,,15225,17225,19225,,23225,25225
"1226,15226, 17226, 19226,  23226, 25226",1226,,,,15226,17226,19226,,23226,25226
"1227,15227, 17227, 19227,  23227, 25227",1227,,,,15227,17227,19227,,23227,25227
"1228,15228, 17228, 19228,  23228, 25228",1228,,,,15228,17228,19228,,23228,25228
"1229,15229, 17229, 19229,  23229, 25229",1229,,,,15229,17229,19229,,23229,25229
"1230,15230, 17230, 19230,  23230, 25230",1230,,,,15230,17230,19230,,23230,25230
"1231,15231, 17231, 19231,  23231, 25231",1231,,,,15231,17231,19231,,23231,25231
"1232,19232,  23232, 25232",1232,,,,,,19232,,23232,25232
"1233,19233,  23233, 25233",1233,,,,,,19233,,23233,25233
"1234,19234,  23234, 25234",1234,,,,,,19234,,23234,25234
"1235,19235,  23235, 25235",1235,,,,,,19235,,23235,25235
"1236,23236, 25236",1236,,,,,,,,23236,25236
"1237,23237, 25237",1237,,,,,,,,23237,25237
"1238,23238, 25238",1238,,,,,,,,23238,25238
"1239,23239, 25239",1239,,,,,,,,23239,25239
"1240,23240, 25240",1240,,,,,,,,23240,25240
"1241,23241, 25241",1241,,,,,,,,23241,25241
"1242,23242, 25242",1242,,,,,,,,23242,25242
"1243,23243, 25243",1243,,,,,,,,23243,25243
"63,  10063, 12063, 14063,  18063, 20063, 22063, 24063",63,,10063,12063,14063,,18063,20063,22063,24063
"1244,  11244, 13244, 15244,  19244, 21244, 23244, 25244",1244,,11244,13244,15244,,19244,21244,23244,25244
"1245,  11245, 13245, 15245,  19245, 21245, 23245, 25245",1245,,11245,13245,15245,,19245,21245,23245,25245
"64,22064,",64,,,,,,,,22064,
"1246,23246,  261,22261",1246,,,,,,,,23246,
"1247,23247,  262,22262",1247,,,,,,,,23247,
"1248,23248",1248,,,,,,,,23248,
"1249,23249,  263,22263",1249,,,,,,,,23249,
"1250,16064",1250,,,,,16064,,,,
"1251,23251,  264,22264",1251,,,,,,,,23251,
"1252,23252",1252,,,,,,,,23252,
"1253,23253,  265,22265",1253,,,,,,,,23253,
"65,  7656, 10065",65,7656,10065,,,,,,,
"1254, 7657",1254,7657,,,,,,,,
"Classic > Retail Products > Whitening",1255,7658,,,,,,,,
"1659, 7659",1659,7659,,,,,,,,
"1660, 7660",1660,7660,,,,,,,,
"1661, 7661",1661,7661,,,,,,,,
"1662, 7662",1662,7662,,,,,,,,
"1663, 7663",1663,7663,,,,,,,,
"66, 90",66,90,,,,,,,,
"Classic > Infection Control > Barriers > X-ray Sensor",1256,7256,,,,,,,,
"1257, 7257",1257,7257,,,,,,,,
"1258, 7258",1258,7258,,,,,,,,
"1259, 7259",1259,7259,,,,,,,,
"1260, 7260",1260,7260,,,,,,,,
"1261, 7261",1261,7261,,,,,,,,
"1262, 7262",1262,7262,,,,,,,,
"1263, 7263",1263,7263,,,,,,,,
"1264, 7264",1264,7264,,,,,,,,
"1265, 7265",1265,7265,,,,,,,,
"1266, 7266",1266,7266,,,,,,,,
,,,,,,,,,,
,"1665-2000","7665-8000","11267-12000","13267-14000","15267-16000","17267-18000","19267-20000","21267-22000","23267-24000","25267-26000"
